home_team,away_team,datetime,nationality,age,minutes,gk_shots_on_target_against,gk_goals_against,gk_saves,gk_save_pct,gk_psxg,gk_passes_completed_launched,gk_passes_launched,gk_passes_pct_launched,gk_passes,gk_passes_throws,gk_pct_passes_launched,gk_passes_length_avg,gk_goal_kicks,gk_pct_goal_kicks_launched,gk_goal_kick_length_avg,gk_crosses,gk_crosses_stopped,gk_crosses_stopped_pct,gk_def_actions_outside_pen_area,gk_avg_distance_def_actions,player_id,player,squad,start
Maccabi Tel Aviv,Alashkert,1631629800,il ISR,21-066,90,5,1,4,80.0,1.1,5,12,41.7,27,8,40.7,35.0,6,16.7,33.8,5,0,0.0,0,18.0,3f29b3ba,Daniel Peretz,Maccabi Tel Aviv,True
Maccabi Haifa,Feyenoord,1631629800,us USA,29-027,90,4,0,4,100.0,1.2,4,14,28.6,27,5,48.1,39.4,6,16.7,29.7,10,0,0.0,3,27.0,75c2e240,Josh Cohen,Maccabi Haifa,True
Slovan Bratislava,FC Copenhagen,1631810700,sk SVK,25-343,90,5,3,2,60.0,1.8,1,3,33.3,16,5,12.5,25.4,3,33.3,28.7,10,0,0.0,0,,a1e3e773,Adrián Chovan,Slovan Bratislava,True
Slavia Prague,Union Berlin,1631810700,cz CZE,29-148,90,1,1,0,0.0,0.8,3,9,33.3,48,8,10.4,24.2,6,66.7,52.3,12,0,0.0,3,20.2,f3e82e37,Aleš Mandous,Slavia Prague,True
Rennes,Tottenham Hotspur,1631810700,fr FRA,37-049,90,4,2,3,50.0,1.1,7,13,53.8,20,5,35.0,31.5,7,85.7,55.0,10,1,10.0,3,21.5,74733221,Romain Salin,Rennes,True
NŠ Mura,Vitesse,1631810700,hr CRO,30-128,90,8,2,6,75.0,1.3,3,19,15.8,20,1,55.0,43.9,16,50.0,42.3,25,0,0.0,0,6.0,35941838,Matko Obradović,NŠ Mura,True
Lincoln Red Imps,PAOK,1631810700,es ESP,34-364,90,5,2,3,60.0,2.7,6,21,28.6,25,5,60.0,46.7,11,54.5,44.7,10,0,0.0,3,17.6,71b0c7d7,Lolo Soler,Lincoln Red Imps,True
HJK Helsinki,LASK,1631810700,fi FIN,23-219,90,6,2,4,66.7,1.0,1,9,11.1,39,8,23.1,27.5,7,0.0,16.1,10,0,0.0,2,20.0,21d45036,Hugo Keto,HJK Helsinki,True
Flora,Gent,1631810700,ee EST,24-349,90,8,1,7,87.5,1.2,4,20,20.0,36,13,38.9,38.1,8,75.0,58.5,26,1,3.8,0,6.3,fc0392f6,Matvei Igonen,Flora,True
Qaırat Almaty,AC Omonia,1631802600,kz KAZ,28-282,90,3,0,3,100.0,0.5,7,30,23.3,25,2,84.0,53.8,9,100.0,67.4,13,1,7.7,0,4.5,fe297e7d,Stas Pokatilov,Qaırat Almaty,True
Qarabağ Ağdam,Basel,1631810700,az AZE,27-096,90,1,0,1,100.0,0.1,2,14,14.3,34,6,26.5,32.2,7,71.4,51.1,7,3,42.9,2,15.0,595ccab1,Məhəmmədəliyev Şahruddin Maqomedoviç,Qarabağ Ağdam,True
Randers,AZ Alkmaar,1631818800,se SWE,29-251,90,6,2,4,66.7,1.2,10,22,45.5,26,6,46.2,36.3,12,83.3,51.7,10,1,10.0,1,16.1,168c50c5,Patrik Carlgren,Randers,True
Bodø/Glimt,Zorya Luhansk,1631818800,ru RUS,26-067,90,1,1,0,0.0,0.3,8,27,29.6,31,4,54.8,44.9,11,90.9,57.7,7,0,0.0,0,17.3,60831426,Nikita Haikin,Bodø/Glimt,True
Roma,CSKA Sofia,1631818800,pt POR,33-213,90,4,1,3,75.0,0.3,2,9,22.2,11,1,45.5,35.0,8,50.0,37.8,11,0,0.0,2,24.5,79b0d6a0,Rui Patrício,Roma,True
Jablonec,CFR Cluj,1631818800,cz CZE,33-141,90,4,0,4,100.0,1.1,5,10,50.0,18,5,38.9,37.9,4,75.0,60.5,14,0,0.0,0,10.7,5a08c41f,Jan Hanuš,Jablonec,True
Anorthosis,Partizan,1631818800,ge GEO,35-232,90,5,2,3,60.0,1.7,10,19,52.6,30,3,43.3,35.3,9,66.7,51.2,10,0,0.0,1,7.2,d0342ca5,Giorgi Loria,Anorthosis,True
Partizan,Flora,1633020300,rs SRB,37-332,90,3,0,3,100.0,0.6,4,11,36.4,27,4,29.6,30.1,5,60.0,44.8,11,0,0.0,2,15.4,919b0211,Aleksandar Popović,Partizan,True
LASK,Maccabi Tel Aviv,1633020300,at AUT,25-241,90,3,1,2,66.7,1.1,4,14,28.6,14,4,57.1,45.4,8,75.0,50.3,11,0,0.0,1,21.7,6fe5c35b,Alexander Schlager,LASK,True
Gent,Anorthosis,1633020300,tr TUR,33-027,90,2,0,2,100.0,0.3,4,6,66.7,12,4,25.0,32.5,4,75.0,50.0,9,1,11.1,0,9.0,fe7d8182,Sinan Bolat,Gent,True
AZ Alkmaar,Jablonec,1633020300,dk DEN,23-226,90,1,0,1,100.0,0.0,7,17,41.2,36,5,33.3,31.6,10,50.0,42.2,17,0,0.0,1,16.5,7b433ed0,Peter Vindahl Jensen,AZ Alkmaar,True
CFR Cluj,Randers,1633020300,pt POR,30-305,90,2,1,1,50.0,0.8,7,23,30.4,17,1,70.6,47.1,15,73.3,49.0,14,0,0.0,0,8.5,783acc8f,Cristiano Pereira Figueiredo,CFR Cluj,True
CSKA Sofia,Bodø/Glimt,1633020300,br BRA,30-342,90,1,0,1,100.0,0.6,7,16,43.8,16,0,68.8,46.1,6,83.3,55.0,15,0,0.0,5,24.8,afff46e6,Gustavo Busatto,CSKA Sofia,True
Zorya Luhansk,Roma,1633020300,ua UKR,21-204,90,10,3,7,70.0,4.4,5,13,38.5,27,2,40.7,38.3,6,33.3,31.5,9,0,0.0,0,9.5,6ac8a3a0,Dmytro Matsapura,Zorya Luhansk,True
Tottenham Hotspur,NŠ Mura,1633028400,it ITA,26-196,90,1,1,0,0.0,0.2,5,5,100.0,31,3,16.1,24.5,2,0.0,23.5,6,1,16.7,0,6.0,f0f7f62f,Pierluigi Gollini,Tottenham Hotspur,True
Alashkert,HJK Helsinki,1633020300,am ARM,35-187,90,4,4,0,0.0,2.5,5,19,26.3,27,1,59.3,44.5,6,50.0,40.7,7,2,28.6,1,13.0,054675f6,David Yurchenko,Alashkert,True
Vitesse,Rennes,1633028400,de GER,23-110,90,4,2,2,75.0,1.7,3,17,17.6,20,3,60.0,41.8,9,55.6,44.0,12,0,0.0,1,18.7,289b90cd,Markus Schubert,Vitesse,True
FC Copenhagen,Lincoln Red Imps,1633028400,pl POL,22-265,90,1,1,0,0.0,0.2,3,6,50.0,14,6,21.4,26.4,8,37.5,32.6,6,0,0.0,0,11.5,62182b1d,Kamil Grabara,FC Copenhagen,True
Feyenoord,Slavia Prague,1633028400,nl NED,23-251,90,4,1,3,75.0,0.6,4,14,28.6,36,4,30.6,33.9,6,50.0,43.8,13,1,7.7,0,8.4,53d93280,Justin Bijlow,Feyenoord,True
Basel,Qaırat Almaty,1633028400,at AUT,31-075,90,9,2,7,88.9,2.5,2,10,20.0,39,5,17.9,24.4,8,37.5,32.1,19,0,0.0,1,16.8,0bfaa3b2,Heinz Lindner,Basel,True
Union Berlin,Maccabi Haifa,1633028400,dk DEN,29-057,90,1,0,1,100.0,0.3,4,11,36.4,27,5,25.9,30.3,7,57.1,46.6,3,0,0.0,0,6.0,a70b8345,Frederik Rønnow,Union Berlin,True
PAOK,Slovan Bratislava,1633028400,gr GRE,32-064,90,5,1,4,80.0,2.0,0,5,0.0,26,3,15.4,27.6,4,25.0,33.3,6,1,16.7,2,19.8,4c5039bd,Alexandros Paschalakis,PAOK,True
AC Omonia,Qarabağ Ağdam,1633028400,br BRA,33-213,90,8,4,4,62.5,2.6,4,12,33.3,15,6,46.7,37.2,13,38.5,37.3,4,0,0.0,1,13.3,54bb5c3f,Fabiano,AC Omonia,True
HJK Helsinki,Maccabi Tel Aviv,1634826600,fi FIN,23-254,90,7,5,2,57.1,2.6,2,11,18.2,23,2,34.8,32.7,4,75.0,50.3,11,0,0.0,0,,21d45036,Hugo Keto,HJK Helsinki,True
FC Copenhagen,PAOK,1634834700,pl POL,22-286,7,1,,1,,0.2,,1,,,,,,,,,,,,,,62182b1d,Kamil Grabara,FC Copenhagen,True
FC Copenhagen,PAOK,1634834700,se SWE,31-266,79,6,2,4,66.7,2.0,6,12,50.0,25,6,40.0,36.6,3,66.7,57.7,7,1,14.3,1,16.0,a56bd2ee,Karl-Johan Johnsson,FC Copenhagen,True
Bodø/Glimt,Roma,1634834700,ru RUS,26-102,90,2,1,1,50.0,0.8,5,12,41.7,30,9,30.0,34.3,7,42.9,39.3,10,0,0.0,0,,60831426,Nikita Haikin,Bodø/Glimt,True
NŠ Mura,Rennes,1634834700,hr CRO,30-163,90,8,2,6,87.5,2.3,2,15,13.3,19,3,31.6,36.2,15,60.0,40.6,22,0,0.0,0,3.0,35941838,Matko Obradović,NŠ Mura,True
Vitesse,Tottenham Hotspur,1634834700,de GER,23-131,90,1,0,1,100.0,0.1,7,18,38.9,42,9,40.5,36.3,5,20.0,28.4,11,0,0.0,3,17.8,289b90cd,Markus Schubert,Vitesse,True
Feyenoord,Union Berlin,1634834700,nl NED,23-272,90,3,1,2,66.7,1.1,4,18,22.2,31,5,35.5,35.3,7,100.0,67.4,15,1,6.7,2,17.7,53d93280,Justin Bijlow,Feyenoord,True
Maccabi Haifa,Slavia Prague,1634834700,us USA,29-064,90,5,0,5,100.0,0.7,5,25,20.0,20,5,55.0,41.7,20,70.0,47.7,30,1,3.3,0,6.3,75c2e240,Josh Cohen,Maccabi Haifa,True
Anorthosis,Flora,1634834700,il ISR,23-054,90,3,2,1,33.3,1.9,4,13,30.8,22,1,40.9,36.1,8,50.0,43.5,9,2,22.2,1,11.1,6f237923,Assaf Tzur,Anorthosis,True
Alashkert,LASK,1634834700,am ARM,32-026,90,7,3,4,57.1,1.7,10,31,32.3,48,6,47.9,40.5,10,80.0,51.6,13,0,0.0,0,10.2,870cc839,Ognjen Čančarević,Alashkert,True
Qarabağ Ağdam,Qaırat Almaty,1634834700,az AZE,27-131,90,2,1,1,100.0,1.0,1,7,14.3,29,8,24.1,28.7,3,0.0,28.7,8,0,0.0,4,26.0,595ccab1,Məhəmmədəliyev Şahruddin Maqomedoviç,Qarabağ Ağdam,True
Jablonec,Randers,1634842800,cz CZE,33-176,90,6,2,4,83.3,2.3,9,20,45.0,19,2,68.4,48.8,8,87.5,64.1,21,2,9.5,0,9.0,5a08c41f,Jan Hanuš,Jablonec,True
Basel,AC Omonia,1634842800,at AUT,31-096,90,2,1,1,100.0,1.0,7,18,38.9,33,1,48.5,36.5,3,66.7,44.7,11,0,0.0,0,8.7,0bfaa3b2,Heinz Lindner,Basel,True
Partizan,Gent,1634842800,rs SRB,37-353,90,4,1,3,75.0,1.5,6,14,42.9,24,6,29.2,34.3,11,63.6,45.2,15,0,0.0,0,11.0,919b0211,Aleksandar Popović,Partizan,True
Slovan Bratislava,Lincoln Red Imps,1634842800,sk SVK,26-013,90,1,0,1,100.0,0.7,3,10,30.0,22,6,27.3,29.7,4,100.0,59.0,7,1,14.3,1,14.0,a1e3e773,Adrián Chovan,Slovan Bratislava,True
CFR Cluj,AZ Alkmaar,1634842800,ro ROU,33-214,90,4,1,3,75.0,1.2,10,18,55.6,22,7,59.1,44.7,8,62.5,46.6,7,2,28.6,2,14.8,60a6fe9c,Cristian Bălgrădean,CFR Cluj,True
CSKA Sofia,Zorya Luhansk,1634842800,br BRA,30-363,90,3,1,2,66.7,0.8,3,19,15.8,30,2,50.0,38.6,9,44.4,36.3,5,0,0.0,2,25.3,afff46e6,Gustavo Busatto,CSKA Sofia,True
Flora,Anorthosis,1636039800,ee EST,25-033,90,7,2,5,71.4,1.4,7,12,58.3,18,5,38.9,38.3,6,83.3,57.2,14,1,7.1,0,9.5,fc0392f6,Matvei Igonen,Flora,True
AZ Alkmaar,CFR Cluj,1636047900,dk DEN,23-261,90,0,0,0,,0.0,3,12,25.0,43,7,25.6,29.5,3,33.3,33.7,7,0,0.0,1,17.3,7b433ed0,Peter Vindahl Jensen,AZ Alkmaar,True
LASK,Alashkert,1636047900,at AUT,25-276,90,2,0,2,100.0,0.1,3,6,50.0,19,3,31.6,32.9,2,0.0,23.0,2,0,0.0,2,27.3,6fe5c35b,Alexander Schlager,LASK,True
Lincoln Red Imps,Slovan Bratislava,1636047900,es ESP,35-048,90,4,4,0,0.0,0.8,5,11,45.5,22,7,27.3,28.5,6,83.3,57.7,4,0,0.0,4,21.0,71b0c7d7,Lolo Soler,Lincoln Red Imps,True
Randers,Jablonec,1636047900,se SWE,29-300,90,3,2,1,33.3,1.2,3,14,21.4,33,11,24.2,30.8,6,100.0,63.3,16,0,0.0,1,17.7,168c50c5,Patrik Carlgren,Randers,True
Gent,Partizan,1636047900,tr TUR,33-062,90,3,1,2,66.7,0.9,2,4,50.0,18,4,11.1,26.6,8,25.0,38.0,6,0,0.0,5,19.6,fe7d8182,Sinan Bolat,Gent,True
Maccabi Tel Aviv,HJK Helsinki,1636047900,il ISR,21-117,90,1,0,1,100.0,0.2,3,18,16.7,38,2,42.1,35.5,3,66.7,42.7,4,0,0.0,0,15.0,3f29b3ba,Daniel Peretz,Maccabi Tel Aviv,True
AC Omonia,Basel,1636047900,br BRA,33-248,45,2,,2,,0.3,2,12,16.7,12,2,75.0,49.5,4,75.0,52.0,9,,,,7.0,54bb5c3f,Fabiano,AC Omonia,True
AC Omonia,Basel,1636047900,ng NGA,23-007,45,4,1,3,75.0,0.7,3,12,25.0,8,2,75.0,48.3,6,100.0,62.5,9,0,0.0,0,3.0,cfd68aa7,Francis Uzoho,AC Omonia,True
Zorya Luhansk,CSKA Sofia,1636047900,ua UKR,21-239,90,1,0,1,100.0,0.1,5,23,21.7,35,4,37.1,37.8,10,100.0,70.0,12,0,0.0,0,12.7,6ac8a3a0,Dmytro Matsapura,Zorya Luhansk,True
Tottenham Hotspur,Vitesse,1636056000,fr FRA,34-313,90,6,2,4,66.7,2.0,5,13,38.5,22,5,40.9,32.0,8,50.0,40.1,14,1,7.1,0,6.0,8f62b6ee,Hugo Lloris,Tottenham Hotspur,True
Rennes,NŠ Mura,1636056000,fr FRA,37-098,90,1,0,1,100.0,0.0,4,5,80.0,25,4,16.0,24.0,3,33.3,50.7,14,0,0.0,4,19.6,74733221,Romain Salin,Rennes,True
Roma,Bodø/Glimt,1636056000,pt POR,33-262,90,2,2,0,0.0,1.0,4,8,50.0,16,5,31.3,29.1,7,42.9,39.7,7,0,0.0,1,29.0,79b0d6a0,Rui Patrício,Roma,True
Slavia Prague,Maccabi Haifa,1636056000,cz CZE,29-197,90,1,0,1,100.0,0.0,1,7,14.3,28,5,21.4,31.3,4,25.0,31.3,5,0,0.0,4,27.2,f3e82e37,Aleš Mandous,Slavia Prague,True
Union Berlin,Feyenoord,1636056000,de GER,34-239,90,7,2,5,71.4,2.2,6,15,40.0,30,7,36.7,34.7,11,36.4,36.9,14,0,0.0,5,22.3,7fe12375,Andreas Luthe,Union Berlin,True
Qaırat Almaty,Qarabağ Ağdam,1636039800,kz KAZ,28-331,90,2,2,0,0.0,1.2,5,15,33.3,19,2,42.1,39.5,8,87.5,53.4,9,0,0.0,5,22.0,fe297e7d,Stas Pokatilov,Qaırat Almaty,True
PAOK,FC Copenhagen,1636056000,gr GRE,32-099,90,4,2,2,50.0,0.5,3,9,33.3,24,7,16.7,25.3,10,50.0,44.1,8,2,25.0,0,6.7,4c5039bd,Alexandros Paschalakis,PAOK,True
Flora,Partizan,1637854200,ee EST,25-054,90,4,0,4,100.0,0.4,2,12,16.7,24,3,29.2,32.2,10,50.0,40.5,23,1,4.3,0,11.0,fc0392f6,Matvei Igonen,Flora,True
Slovan Bratislava,PAOK,1637862300,sk SVK,26-048,90,2,0,2,100.0,0.1,6,14,42.9,19,4,42.1,34.6,12,50.0,45.6,12,1,8.3,1,13.3,a1e3e773,Adrián Chovan,Slovan Bratislava,True
Rennes,Vitesse,1637862300,sn SEN,28-081,90,8,3,5,62.5,2.0,9,28,32.1,24,3,75.0,46.4,10,100.0,63.3,22,0,0.0,2,39.0,cecbce23,Alfred Gomis,Rennes,True
Lincoln Red Imps,FC Copenhagen,1637862300,gi GIB,25-033,90,9,4,5,55.6,3.5,9,30,30.0,27,1,74.1,46.8,10,100.0,64.5,13,2,15.4,0,10.7,2ab5561f,Dayle Coleing,Lincoln Red Imps,True
NŠ Mura,Tottenham Hotspur,1637862300,hr CRO,30-198,90,3,1,2,66.7,0.9,2,14,14.3,40,5,30.0,34.0,14,14.3,26.5,5,0,0.0,0,9.0,35941838,Matko Obradović,NŠ Mura,True
Slavia Prague,Feyenoord,1637862300,cz CZE,29-218,90,4,2,2,50.0,2.0,2,6,33.3,35,6,14.3,28.0,3,33.3,24.7,3,0,0.0,4,22.3,f3e82e37,Aleš Mandous,Slavia Prague,True
Maccabi Haifa,Union Berlin,1637862300,us USA,29-099,90,2,1,1,50.0,0.4,3,13,23.1,17,5,47.1,36.9,7,71.4,46.9,14,3,21.4,0,5.0,75c2e240,Josh Cohen,Maccabi Haifa,True
HJK Helsinki,Alashkert,1637862300,fi FIN,23-289,90,2,0,2,100.0,0.4,3,7,42.9,27,5,14.8,24.1,6,50.0,42.7,19,0,0.0,0,,21d45036,Hugo Keto,HJK Helsinki,True
Roma,Zorya Luhansk,1637870400,pt POR,33-283,90,2,0,2,100.0,0.4,2,8,25.0,25,3,24.0,32.5,9,22.2,29.8,10,0,0.0,0,6.3,79b0d6a0,Rui Patrício,Roma,True
Jablonec,AZ Alkmaar,1637870400,cz CZE,33-211,90,3,1,2,66.7,0.4,16,27,59.3,22,5,77.3,49.3,11,90.9,59.5,5,2,40.0,3,16.2,5a08c41f,Jan Hanuš,Jablonec,True
Randers,CFR Cluj,1637870400,se SWE,29-321,90,2,1,1,50.0,0.3,4,16,25.0,35,8,25.7,30.4,7,100.0,61.9,16,1,6.3,2,15.5,168c50c5,Patrik Carlgren,Randers,True
Bodø/Glimt,CSKA Sofia,1637870400,ru RUS,26-137,90,1,0,1,100.0,0.1,0,7,0.0,21,2,19.0,25.9,5,60.0,44.8,9,0,0.0,2,27.0,60831426,Nikita Haikin,Bodø/Glimt,True
Qaırat Almaty,Basel,1637854200,kz KAZ,28-352,90,4,3,1,50.0,1.8,7,22,31.8,19,2,68.4,47.3,9,100.0,62.3,22,0,0.0,0,16.0,fe297e7d,Stas Pokatilov,Qaırat Almaty,True
Qarabağ Ağdam,AC Omonia,1637862300,az AZE,27-166,90,4,2,2,75.0,1.4,1,2,50.0,21,7,9.5,26.8,2,0.0,21.0,6,1,16.7,0,6.0,595ccab1,Məhəmmədəliyev Şahruddin Maqomedoviç,Qarabağ Ağdam,True
Anorthosis,Gent,1637870400,il ISR,23-089,90,1,0,1,100.0,0.1,6,33,18.2,28,2,82.1,51.0,10,100.0,62.2,19,0,0.0,0,,6f237923,Assaf Tzur,Anorthosis,True
Maccabi Tel Aviv,LASK,1637870400,il ISR,21-138,90,4,1,3,75.0,2.0,4,23,17.4,37,7,51.4,38.6,8,50.0,44.9,9,1,11.1,0,9.0,3f29b3ba,Daniel Peretz,Maccabi Tel Aviv,True
Partizan,Anorthosis,1639071900,rs SRB,38-037,90,4,1,3,100.0,2.3,5,18,27.8,15,1,86.7,51.3,6,83.3,54.3,14,1,7.1,3,16.5,919b0211,Aleksandar Popović,Partizan,True
Gent,Flora,1639071900,be BEL,27-306,90,3,0,3,100.0,0.3,8,18,44.4,30,7,36.7,31.7,10,70.0,47.6,11,1,9.1,1,19.8,6fe2aba3,Davy Roef,Gent,True
LASK,HJK Helsinki,1639071900,de GER,39-162,90,1,0,1,100.0,0.3,4,7,57.1,22,5,27.3,30.5,7,14.3,27.7,8,1,12.5,3,21.5,4c50a2cb,Thomas Gebauer,LASK,True
AZ Alkmaar,Randers,1639071900,dk DEN,23-296,90,0,0,0,,0.0,3,5,60.0,33,5,12.1,26.2,3,33.3,37.3,12,2,16.7,1,13.4,7b433ed0,Peter Vindahl Jensen,AZ Alkmaar,True
CFR Cluj,Jablonec,1639071900,ro ROU,33-263,90,2,0,2,100.0,0.6,10,24,41.7,21,5,66.7,44.6,10,100.0,61.3,18,2,11.1,0,12.0,60a6fe9c,Cristian Bălgrădean,CFR Cluj,True
CSKA Sofia,Roma,1639071900,br BRA,31-047,90,5,3,2,40.0,1.1,3,10,30.0,18,3,38.9,35.1,4,75.0,53.0,16,1,6.3,3,13.9,afff46e6,Gustavo Busatto,CSKA Sofia,True
Zorya Luhansk,Bodø/Glimt,1639071900,ua UKR,21-274,90,5,1,5,80.0,0.9,17,32,53.1,26,1,76.9,49.1,13,92.3,63.8,19,3,15.8,0,5.0,6ac8a3a0,Dmytro Matsapura,Zorya Luhansk,True
FC Copenhagen,Slovan Bratislava,1639080000,pl POL,22-335,90,2,0,2,100.0,0.2,13,24,54.2,24,3,66.7,45.6,8,100.0,64.8,10,1,10.0,0,6.0,62182b1d,Kamil Grabara,FC Copenhagen,True
Union Berlin,Slavia Prague,1639080000,dk DEN,29-127,90,5,1,4,80.0,1.2,4,12,33.3,36,5,30.6,32.2,12,8.3,22.4,4,0,0.0,0,12.0,a70b8345,Frederik Rønnow,Union Berlin,True
Vitesse,NŠ Mura,1639080000,nl NED,25-294,90,3,1,2,66.7,1.1,6,13,46.2,26,3,38.5,35.8,8,37.5,33.0,9,0,0.0,1,13.8,6d8ec266,Jeroen Houwen,Vitesse,True
Basel,Qarabağ Ağdam,1639080000,at AUT,31-145,90,5,0,5,100.0,1.5,9,14,64.3,21,3,38.1,34.4,11,54.5,43.3,14,1,7.1,2,19.3,0bfaa3b2,Heinz Lindner,Basel,True
Feyenoord,Maccabi Haifa,1639080000,nl NED,23-321,90,2,1,1,50.0,0.5,9,15,60.0,28,7,39.3,31.7,7,57.1,39.7,6,0,0.0,0,9.5,53d93280,Justin Bijlow,Feyenoord,True
Alashkert,Maccabi Tel Aviv,1639071900,am ARM,32-075,90,4,1,3,75.0,1.1,8,17,47.1,20,3,65.0,45.2,9,44.4,39.3,15,2,13.3,0,8.6,870cc839,Ognjen Čančarević,Alashkert,True
PAOK,Lincoln Red Imps,1639080000,gr GRE,32-134,90,1,0,1,100.0,0.4,1,4,25.0,21,5,14.3,24.3,3,33.3,39.7,3,0,0.0,2,18.7,4c5039bd,Alexandros Paschalakis,PAOK,True
AC Omonia,Qaırat Almaty,1639080000,ng NGA,23-042,90,3,0,2,100.0,1.4,2,4,50.0,5,2,20.0,30.8,5,60.0,41.2,14,1,7.1,0,5.0,cfd68aa7,Francis Uzoho,AC Omonia,True
PSV Eindhoven,Maccabi Tel Aviv,1645119900,nl NED,25-093,90,1,0,1,100.0,0.3,8,15,53.3,25,4,56.0,39.6,2,50.0,43.5,8,2,25.0,1,13.0,510c6a3f,Joel Drommel,PSV Eindhoven,True
Rapid Wien,Vitesse,1645119900,at AUT,24-344,90,5,1,4,80.0,1.1,12,26,46.2,24,3,54.2,41.6,13,100.0,61.8,24,0,0.0,0,11.0,05bffdb1,Paul Gartler,Rapid Wien,True
Midtjylland,PAOK,1645119900,is ISL,21-343,90,1,0,1,100.0,0.1,10,25,40.0,35,3,57.1,43.2,5,100.0,60.2,18,1,5.6,3,20.4,99047b00,Elías Rafn Ólafsson,Midtjylland,True
Celtic,Bodø/Glimt,1645128000,eng ENG,34-304,90,4,3,1,25.0,1.5,1,3,33.3,25,5,12.0,21.4,3,0.0,16.3,2,0,0.0,1,19.5,cb4f24c6,Joe Hart,Celtic,True
Leicester City,Randers,1645128000,dk DEN,35-104,90,2,1,1,50.0,0.8,3,6,50.0,22,6,13.6,25.3,4,75.0,48.3,11,1,9.1,3,18.6,53af52f3,Kasper Schmeichel,Leicester City,True
Fenerbahçe,Slavia Prague,1645119900,tr TUR,23-309,90,5,3,2,40.0,1.6,2,12,16.7,46,7,21.7,29.5,7,28.6,30.3,11,0,0.0,0,,072e68ed,Altay Bayındır,Fenerbahçe,True
Marseille,Qarabağ Ağdam,1645128000,fr FRA,36-326,90,4,1,3,75.0,1.3,7,15,46.7,42,5,31.0,27.5,9,22.2,31.4,14,2,14.3,2,10.6,1d2d5cc8,Steve Mandanda,Marseille,True
Sparta Prague,Partizan,1645128000,sk SVK,27-204,90,4,1,3,75.0,1.6,11,19,57.9,38,4,36.8,33.1,6,83.3,54.0,5,0,0.0,2,16.5,332695f4,Dominik Holec,Sparta Prague,True
Randers,Leicester City,1645724700,se SWE,30-047,90,5,3,2,40.0,1.6,2,4,50.0,15,6,20.0,32.2,1,100.0,43.0,8,0,0.0,1,13.0,168c50c5,Patrik Carlgren,Randers,True
Partizan,Sparta Prague,1645724700,rs SRB,38-114,90,3,1,2,66.7,1.0,7,20,35.0,17,1,88.2,54.8,6,83.3,57.0,20,3,15.0,0,5.8,919b0211,Aleksandar Popović,Partizan,True
Bodø/Glimt,Celtic,1645724700,nl NED,29-110,90,2,0,2,100.0,0.2,5,16,31.3,31,5,35.5,32.2,11,45.5,33.3,10,0,0.0,1,22.0,c91698ae,Joshua Smits,Bodø/Glimt,True
Maccabi Tel Aviv,PSV Eindhoven,1645724700,il ISR,21-229,90,2,1,1,50.0,0.7,8,11,72.7,35,6,25.7,31.2,8,25.0,29.4,15,1,6.7,1,20.0,3f29b3ba,Daniel Peretz,Maccabi Tel Aviv,True
Vitesse,Rapid Wien,1645732800,nl NED,26-006,90,2,0,2,100.0,0.5,4,26,15.4,24,1,70.8,47.2,9,100.0,72.0,12,0,0.0,2,16.8,6d8ec266,Jeroen Houwen,Vitesse,True
Slavia Prague,Fenerbahçe,1645732800,cz CZE,29-309,90,3,2,1,33.3,1.1,2,7,28.6,37,9,16.2,30.6,7,14.3,34.3,10,0,0.0,0,,f3e82e37,Aleš Mandous,Slavia Prague,True
Qarabağ Ağdam,Marseille,1645724700,ge GEO,22-301,90,4,3,1,25.0,1.7,1,1,100.0,14,6,7.1,22.8,1,0.0,21.0,7,0,0.0,4,31.0,f05b0000,Luka Gugeshashvili,Qarabağ Ağdam,True
PAOK,Midtjylland,1645732800,gr GRE,32-211,90,4,1,3,75.0,1.6,5,17,29.4,27,3,55.6,44.4,7,28.6,28.3,18,1,5.6,2,23.3,4c5039bd,Alexandros Paschalakis,PAOK,True
Slavia Prague,LASK,1646934300,cz CZE,29-323,90,2,1,1,50.0,0.4,2,9,22.2,44,7,13.6,25.3,3,100.0,69.0,9,0,0.0,5,14.3,f3e82e37,Aleš Mandous,Slavia Prague,True
Vitesse,Roma,1646934300,nl NED,26-020,90,3,1,2,66.7,1.2,5,12,41.7,37,3,27.0,29.7,3,66.7,47.7,7,1,14.3,1,14.3,6d8ec266,Jeroen Houwen,Vitesse,True
Partizan,Feyenoord,1646934300,rs SRB,38-128,90,8,5,3,37.5,2.5,9,13,69.2,21,4,23.8,31.7,10,80.0,53.3,11,1,9.1,1,9.2,919b0211,Aleksandar Popović,Partizan,True
PAOK,Gent,1646934300,gr GRE,32-225,90,2,0,2,100.0,0.4,6,14,42.9,27,7,37.0,35.5,6,66.7,49.5,9,0,0.0,2,18.8,4c5039bd,Alexandros Paschalakis,PAOK,True
Leicester City,Rennes,1646942400,dk DEN,35-125,90,1,0,1,100.0,0.2,2,8,25.0,14,1,14.3,32.1,12,50.0,43.3,16,0,0.0,0,3.0,53af52f3,Kasper Schmeichel,Leicester City,True
Marseille,Basel,1646942400,fr FRA,36-347,90,2,1,1,50.0,0.9,2,7,28.6,58,0,10.3,23.2,3,33.3,30.3,5,0,0.0,3,26.6,1d2d5cc8,Steve Mandanda,Marseille,True
Bodø/Glimt,AZ Alkmaar,1646942400,ru RUS,26-242,90,3,1,2,66.7,0.4,2,8,25.0,50,7,14.0,25.9,5,20.0,28.4,5,2,40.0,5,18.4,60831426,Nikita Haikin,Bodø/Glimt,True
PSV Eindhoven,FC Copenhagen,1646942400,nl NED,25-114,90,7,4,3,42.9,3.7,2,4,50.0,17,5,17.6,24.2,5,20.0,25.0,9,1,11.1,0,11.3,510c6a3f,Joel Drommel,PSV Eindhoven,True
Rennes,Leicester City,1647539100,tr TUR,19-139,90,4,1,3,75.0,0.9,0,9,0.0,36,2,19.4,29.4,5,40.0,42.6,11,1,9.1,7,20.8,9e17ccff,Doğan Alemdar,Rennes,True
AZ Alkmaar,Bodø/Glimt,1647539100,dk DEN,24-029,90,4,2,2,50.0,1.6,10,29,34.5,70,8,38.6,35.9,7,28.6,30.1,5,1,20.0,3,20.0,7b433ed0,Peter Vindahl Jensen,AZ Alkmaar,True
FC Copenhagen,PSV Eindhoven,1647539100,se SWE,32-048,90,6,4,2,33.3,2.1,2,8,25.0,26,10,26.9,31.6,4,25.0,32.8,13,0,0.0,1,13.7,a56bd2ee,Karl-Johan Johnsson,FC Copenhagen,True
Basel,Marseille,1647539100,at AUT,31-243,90,8,2,5,75.0,2.1,4,11,36.4,32,4,28.1,28.7,4,50.0,41.3,16,1,6.3,1,14.0,0bfaa3b2,Heinz Lindner,Basel,True
Roma,Vitesse,1647547200,pt POR,34-030,90,2,1,1,50.0,0.5,7,15,46.7,16,3,62.5,40.8,10,50.0,39.8,8,0,0.0,0,,79b0d6a0,Rui Patrício,Roma,True
Feyenoord,Partizan,1647547200,il ISR,32-161,90,3,1,2,66.7,0.7,3,7,42.9,49,8,12.2,26.1,5,20.0,31.6,7,0,0.0,0,11.8,00d4e7b3,Ofir Marciano,Feyenoord,True
LASK,Slavia Prague,1647547200,at AUT,26-044,90,4,3,1,25.0,2.2,3,7,42.9,26,3,19.2,26.9,6,33.3,44.0,6,0,0.0,0,9.0,6fe5c35b,Alexander Schlager,LASK,True
Gent,PAOK,1647547200,be BEL,28-039,90,3,2,1,33.3,0.5,6,9,66.7,23,5,39.1,31.0,5,0.0,26.4,10,0,0.0,0,,6fe2aba3,Davy Roef,Gent,True
Feyenoord,Slavia Prague,1649349900,il ISR,32-182,90,3,3,0,0.0,1.4,1,6,16.7,16,2,31.3,35.4,7,14.3,29.7,10,0,0.0,2,20.3,00d4e7b3,Ofir Marciano,Feyenoord,True
Leicester City,PSV Eindhoven,1649358000,dk DEN,35-153,90,1,0,1,100.0,0.3,0,1,0.0,17,3,5.9,23.7,4,0.0,21.3,5,0,0.0,2,20.8,53af52f3,Kasper Schmeichel,Leicester City,True
Bodø/Glimt,Roma,1649358000,ru RUS,26-270,90,4,1,3,75.0,1.0,5,20,25.0,40,1,40.0,36.2,6,66.7,39.2,16,2,12.5,3,13.1,60831426,Nikita Haikin,Bodø/Glimt,True
Marseille,PAOK,1649358000,fr FRA,37-010,90,1,1,0,0.0,0.3,8,9,88.9,30,1,20.0,25.3,5,60.0,40.4,7,0,0.0,5,25.2,1d2d5cc8,Steve Mandanda,Marseille,True
PSV Eindhoven,Leicester City,1649954700,ch SUI,27-312,90,5,2,3,60.0,1.7,3,19,15.8,19,0,57.9,43.9,9,88.9,56.2,9,0,0.0,2,21.0,dc29b608,Yvon Mvogo,PSV Eindhoven,True
Slavia Prague,Feyenoord,1649962800,cz CZE,29-358,90,6,3,3,50.0,3.2,4,10,40.0,31,6,25.8,30.7,8,25.0,30.6,7,0,0.0,0,11.0,f3e82e37,Aleš Mandous,Slavia Prague,True
Roma,Bodø/Glimt,1649962800,pt POR,34-058,90,1,0,1,100.0,0.2,8,16,50.0,20,3,65.0,45.1,5,60.0,47.8,4,0,0.0,0,,79b0d6a0,Rui Patrício,Roma,True
PAOK,Marseille,1649962800,gr GRE,32-260,90,1,1,0,0.0,1.0,1,9,11.1,23,2,26.1,32.0,7,42.9,31.1,6,0,0.0,4,19.2,4c5039bd,Alexandros Paschalakis,PAOK,True
Leicester City,Roma,1651172400,dk DEN,35-174,90,2,1,1,50.0,1.1,7,9,77.8,22,3,27.3,32.3,6,50.0,31.7,3,0,0.0,1,16.5,53af52f3,Kasper Schmeichel,Leicester City,True
Feyenoord,Marseille,1651172400,il ISR,32-203,90,7,2,5,71.4,1.6,3,9,33.3,12,4,58.3,40.0,5,40.0,38.8,10,0,0.0,0,2.0,00d4e7b3,Ofir Marciano,Feyenoord,True
Roma,Leicester City,1651777200,pt POR,34-079,90,2,0,2,100.0,0.1,11,25,44.0,20,2,75.0,47.6,15,66.7,47.1,11,1,9.1,0,2.0,79b0d6a0,Rui Patrício,Roma,True
Marseille,Feyenoord,1651777200,fr FRA,37-038,90,2,0,2,100.0,0.2,5,13,38.5,31,6,38.7,32.4,6,16.7,24.7,7,0,0.0,4,22.4,1d2d5cc8,Steve Mandanda,Marseille,True
Roma,Feyenoord,1653505200,pt POR,34-099,90,5,0,5,100.0,0.5,11,22,50.0,16,2,75.0,52.1,12,83.3,54.5,19,2,10.5,0,5.8,79b0d6a0,Rui Patrício,Roma,True
Maccabi Tel Aviv,Alashkert,1631629800,am ARM,31-354,90,9,4,5,66.7,3.5,9,16,56.3,43,7,34.9,30.5,8,12.5,23.3,15,0,0.0,1,15.7,870cc839,Ognjen Čančarević,,True
Maccabi Haifa,Feyenoord,1631629800,nl NED,23-235,90,0,0,0,,0.0,3,9,33.3,20,2,30.0,31.8,6,50.0,46.2,8,1,12.5,0,11.0,53d93280,Justin Bijlow,,True
Slovan Bratislava,FC Copenhagen,1631810700,pl POL,22-251,90,1,1,0,0.0,0.2,0,17,0.0,15,2,66.7,47.3,8,87.5,60.0,20,1,5.0,0,8.0,62182b1d,Kamil Grabara,,True
Slavia Prague,Union Berlin,1631810700,de GER,34-190,90,4,3,1,25.0,1.9,10,23,43.5,31,3,58.1,42.6,9,55.6,38.8,5,0,0.0,0,9.0,7fe12375,Andreas Luthe,,True
Rennes,Tottenham Hotspur,1631810700,it ITA,26-182,90,4,2,2,50.0,1.1,6,9,66.7,7,2,28.6,27.9,14,50.0,39.6,12,0,0.0,0,14.0,f0f7f62f,Pierluigi Gollini,,True
NŠ Mura,Vitesse,1631810700,de GER,23-096,90,1,0,1,100.0,0.0,5,11,45.5,40,8,25.0,32.1,5,20.0,29.0,12,0,0.0,0,18.0,289b90cd,Markus Schubert,,True
Lincoln Red Imps,PAOK,1631810700,gr GRE,32-050,90,3,0,3,100.0,1.3,5,7,71.4,22,7,13.6,24.5,5,80.0,55.8,16,0,0.0,3,19.3,4c5039bd,Alexandros Paschalakis,,True
HJK Helsinki,LASK,1631810700,at AUT,25-227,90,3,0,3,100.0,0.3,1,12,8.3,18,5,50.0,35.8,5,60.0,44.2,9,0,0.0,1,19.0,6fe5c35b,Alexander Schlager,,True
Flora,Gent,1631810700,tr TUR,33-013,90,3,0,3,100.0,0.2,9,14,64.3,21,6,52.4,40.1,3,100.0,66.3,16,2,12.5,1,8.5,fe7d8182,Sinan Bolat,,True
Qaırat Almaty,AC Omonia,1631802600,br BRA,33-199,90,3,0,3,100.0,0.9,1,14,7.1,20,8,40.0,39.7,13,46.2,38.6,13,0,0.0,0,4.0,54bb5c3f,Fabiano,,True
Qarabağ Ağdam,Basel,1631810700,at AUT,31-061,90,5,0,5,100.0,0.9,4,13,30.8,33,3,36.4,35.6,9,11.1,21.7,17,1,5.9,2,15.0,0bfaa3b2,Heinz Lindner,,True
Randers,AZ Alkmaar,1631818800,dk DEN,23-212,90,2,2,0,0.0,1.8,1,12,8.3,47,4,21.3,26.0,7,28.6,30.4,9,1,11.1,0,11.3,7b433ed0,Peter Vindahl Jensen,,True
Bodø/Glimt,Zorya Luhansk,1631818800,ua UKR,21-190,90,6,3,3,50.0,1.5,5,20,25.0,38,7,44.7,37.2,6,50.0,36.0,13,0,0.0,4,21.3,6ac8a3a0,Dmytro Matsapura,,True
Roma,CSKA Sofia,1631818800,br BRA,30-328,90,7,5,2,28.6,4.6,2,17,11.8,21,2,52.4,36.9,10,60.0,47.2,9,0,0.0,0,7.3,afff46e6,Gustavo Busatto,,True
Jablonec,CFR Cluj,1631818800,ro ROU,33-179,90,5,1,4,100.0,2.0,9,23,39.1,16,0,75.0,45.2,11,100.0,67.8,17,0,0.0,0,7.5,60a6fe9c,Cristian Bălgrădean,,True
Anorthosis,Partizan,1631818800,rs SRB,37-318,90,4,0,4,100.0,0.7,5,13,38.5,20,2,45.0,40.1,5,80.0,53.0,12,0,0.0,0,9.5,919b0211,Aleksandar Popović,,True
Partizan,Flora,1633020300,ee EST,24-363,90,6,2,4,66.7,1.3,7,16,43.8,34,10,29.4,30.1,11,54.5,41.9,12,0,0.0,2,18.7,fc0392f6,Matvei Igonen,,True
LASK,Maccabi Tel Aviv,1633020300,il ISR,21-082,90,6,1,5,83.3,2.3,4,24,16.7,46,6,39.1,35.4,14,42.9,42.1,9,0,0.0,1,16.0,3f29b3ba,Daniel Peretz,,True
Gent,Anorthosis,1633020300,il ISR,23-033,90,7,2,6,71.4,2.0,13,28,46.4,23,4,60.9,42.9,16,87.5,53.8,21,1,4.8,0,5.3,6f237923,Assaf Tzur,,True
AZ Alkmaar,Jablonec,1633020300,cz CZE,33-155,90,3,1,2,66.7,1.1,11,22,50.0,27,3,63.0,40.7,9,55.6,43.3,12,0,0.0,0,15.0,5a08c41f,Jan Hanuš,,True
CFR Cluj,Randers,1633020300,se SWE,29-265,90,2,1,1,50.0,1.0,7,24,29.2,30,9,50.0,42.7,9,100.0,60.8,19,3,15.8,0,8.0,168c50c5,Patrik Carlgren,,True
CSKA Sofia,Bodø/Glimt,1633020300,ru RUS,26-081,90,2,0,2,100.0,0.7,0,10,0.0,18,4,22.2,31.7,9,66.7,51.7,17,1,5.9,0,12.5,60831426,Nikita Haikin,,True
Zorya Luhansk,Roma,1633020300,pt POR,33-227,90,2,0,2,100.0,0.1,9,17,52.9,36,3,41.7,34.3,6,33.3,27.8,11,1,9.1,0,10.0,79b0d6a0,Rui Patrício,,True
Tottenham Hotspur,NŠ Mura,1633028400,hr CRO,30-142,90,7,5,2,42.9,4.2,2,5,40.0,22,6,18.2,29.0,4,25.0,36.0,8,1,12.5,1,13.1,35941838,Matko Obradović,,True
Alashkert,HJK Helsinki,1633020300,fi FIN,23-233,90,4,2,2,50.0,1.4,2,8,25.0,31,7,22.6,29.1,10,10.0,29.6,17,0,0.0,0,7.0,21d45036,Hugo Keto,,True
Vitesse,Rennes,1633028400,sn SEN,28-025,90,6,1,5,83.3,1.4,17,23,73.9,23,7,52.2,36.1,11,100.0,60.5,20,1,5.0,0,14.3,cecbce23,Alfred Gomis,,True
FC Copenhagen,Lincoln Red Imps,1633028400,es ESP,35-013,90,7,3,5,71.4,1.4,5,20,25.0,22,3,59.1,46.4,9,77.8,58.6,15,0,0.0,1,10.0,71b0c7d7,Lolo Soler,,True
Feyenoord,Slavia Prague,1633028400,cz CZE,29-162,90,5,2,3,60.0,2.1,1,5,20.0,32,11,9.4,25.5,8,25.0,30.1,8,1,12.5,2,20.0,f3e82e37,Aleš Mandous,,True
Basel,Qaırat Almaty,1633028400,kz KAZ,28-296,90,8,4,4,50.0,3.4,7,18,38.9,13,1,69.2,45.4,9,100.0,66.4,12,0,0.0,1,14.8,fe297e7d,Stas Pokatilov,,True
Union Berlin,Maccabi Haifa,1633028400,us USA,29-043,90,6,3,3,50.0,2.5,1,16,6.3,23,6,30.4,33.5,12,75.0,52.3,12,2,16.7,0,7.7,75c2e240,Josh Cohen,,True
PAOK,Slovan Bratislava,1633028400,sk SVK,25-357,90,2,1,1,50.0,0.9,10,23,43.5,23,4,60.9,42.3,10,90.0,54.4,11,1,9.1,7,22.5,a1e3e773,Adrián Chovan,,True
AC Omonia,Qarabağ Ağdam,1633028400,az AZE,27-110,90,3,1,2,66.7,1.5,4,10,40.0,28,7,28.6,32.4,5,40.0,46.4,8,0,0.0,3,21.8,595ccab1,Məhəmmədəliyev Şahruddin Maqomedoviç,,True
HJK Helsinki,Maccabi Tel Aviv,1634826600,il ISR,21-103,90,3,0,3,100.0,0.5,4,11,36.4,36,6,25.0,30.3,8,25.0,27.9,6,0,0.0,0,6.0,3f29b3ba,Daniel Peretz,,True
FC Copenhagen,PAOK,1634834700,gr GRE,32-085,90,3,1,2,66.7,0.3,0,4,0.0,15,3,26.7,35.5,7,0.0,24.0,17,2,11.8,0,10.5,4c5039bd,Alexandros Paschalakis,,True
Bodø/Glimt,Roma,1634834700,pt POR,33-248,90,9,6,3,33.3,4.7,10,11,90.9,27,3,37.0,33.7,5,20.0,32.8,3,0,0.0,0,9.0,79b0d6a0,Rui Patrício,,True
NŠ Mura,Rennes,1634834700,sn SEN,28-046,90,3,1,2,66.7,0.4,8,16,50.0,30,6,40.0,34.9,5,80.0,56.0,9,0,0.0,0,12.0,cecbce23,Alfred Gomis,,True
Vitesse,Tottenham Hotspur,1634834700,it ITA,26-217,90,4,1,3,75.0,0.3,7,22,31.8,25,5,60.0,41.8,10,70.0,48.6,15,0,0.0,0,14.0,f0f7f62f,Pierluigi Gollini,,True
Feyenoord,Union Berlin,1634834700,de GER,34-225,90,10,3,7,70.0,3.3,5,11,45.5,30,4,26.7,30.2,12,25.0,30.6,8,2,25.0,0,5.8,7fe12375,Andreas Luthe,,True
Maccabi Haifa,Slavia Prague,1634834700,cz CZE,27-004,90,3,1,2,66.7,1.3,3,6,50.0,25,8,20.0,30.1,5,20.0,34.4,6,0,0.0,1,21.5,179d2851,Ondřej Kolář,,True
Anorthosis,Flora,1634834700,ee EST,25-019,90,6,2,4,66.7,1.7,5,18,27.8,24,9,45.8,39.5,10,70.0,52.9,16,2,12.5,0,11.0,fc0392f6,Matvei Igonen,,True
Alashkert,LASK,1634834700,at AUT,25-262,90,4,0,4,100.0,0.3,1,10,10.0,28,5,32.1,29.1,3,33.3,39.3,11,0,0.0,3,24.2,6fe5c35b,Alexander Schlager,,True
Qarabağ Ağdam,Qaırat Almaty,1634834700,kz KAZ,28-317,90,8,2,6,75.0,3.2,7,24,29.2,22,3,77.3,53.5,7,100.0,62.0,17,2,11.8,0,5.5,fe297e7d,Stas Pokatilov,,True
Jablonec,Randers,1634842800,se SWE,29-286,90,5,2,3,60.0,1.1,4,10,40.0,43,13,16.3,26.3,5,60.0,46.0,17,1,5.9,1,14.6,168c50c5,Patrik Carlgren,,True
Basel,AC Omonia,1634842800,ng NGA,22-358,90,11,3,8,81.8,3.7,7,19,36.8,17,3,47.1,40.7,11,100.0,61.2,14,0,0.0,0,,cfd68aa7,Francis Uzoho,,True
Partizan,Gent,1634842800,tr TUR,33-048,90,2,0,2,100.0,0.1,8,22,36.4,23,3,69.6,46.6,11,54.5,41.7,16,0,0.0,1,22.0,fe7d8182,Sinan Bolat,,True
Slovan Bratislava,Lincoln Red Imps,1634842800,gi GIB,24-363,90,6,2,4,66.7,1.6,4,22,18.2,27,8,51.9,42.5,10,80.0,53.4,13,1,7.7,0,7.0,2ab5561f,Dayle Coleing,,True
CFR Cluj,AZ Alkmaar,1634842800,dk DEN,23-247,90,3,0,3,100.0,0.1,7,23,30.4,44,5,38.6,31.0,9,66.7,50.6,19,1,5.3,1,17.0,7b433ed0,Peter Vindahl Jensen,,True
CSKA Sofia,Zorya Luhansk,1634842800,ua UKR,21-225,90,4,0,4,100.0,0.4,10,28,35.7,18,0,83.3,52.3,13,100.0,73.8,23,0,0.0,0,15.0,6ac8a3a0,Dmytro Matsapura,,True
Flora,Anorthosis,1636039800,il ISR,23-068,90,11,2,9,81.8,2.1,8,19,42.1,20,5,60.0,41.9,8,87.5,54.5,21,2,9.5,0,9.5,6f237923,Assaf Tzur,,True
AZ Alkmaar,CFR Cluj,1636047900,ro ROU,33-228,90,5,2,3,60.0,1.3,8,18,44.4,21,3,57.1,39.6,8,75.0,56.3,9,0,0.0,0,13.3,60a6fe9c,Cristian Bălgrădean,,True
LASK,Alashkert,1636047900,am ARM,35-222,90,8,2,6,75.0,1.7,13,24,54.2,31,10,32.3,35.3,15,93.3,54.7,12,1,8.3,1,11.2,054675f6,David Yurchenko,,True
Lincoln Red Imps,Slovan Bratislava,1636047900,sk SVK,26-027,90,3,1,2,66.7,0.6,4,17,23.5,18,4,55.6,42.7,9,77.8,55.2,9,1,11.1,2,18.0,a1e3e773,Adrián Chovan,,True
Randers,Jablonec,1636047900,cz CZE,33-190,90,4,2,3,50.0,1.6,9,22,40.9,18,2,77.8,50.9,10,80.0,56.2,21,2,9.5,2,12.0,5a08c41f,Jan Hanuš,,True
Gent,Partizan,1636047900,rs SRB,38-002,90,6,1,5,83.3,1.3,7,18,38.9,16,2,62.5,48.0,14,57.1,36.6,17,1,5.9,0,13.7,919b0211,Aleksandar Popović,,True
Maccabi Tel Aviv,HJK Helsinki,1636047900,fi FIN,23-268,90,3,3,1,0.0,1.7,3,8,37.5,24,1,29.2,34.1,2,50.0,47.0,13,0,0.0,2,12.3,21d45036,Hugo Keto,,True
AC Omonia,Basel,1636047900,at AUT,31-110,90,1,1,0,0.0,0.5,3,5,60.0,20,2,20.0,28.5,11,9.1,20.5,6,0,0.0,0,16.5,0bfaa3b2,Heinz Lindner,,True
Zorya Luhansk,CSKA Sofia,1636047900,br BRA,31-012,90,3,2,1,33.3,1.2,13,34,38.2,35,0,82.9,53.1,5,100.0,66.4,4,0,0.0,1,13.0,afff46e6,Gustavo Busatto,,True
Tottenham Hotspur,Vitesse,1636056000,de GER,23-145,83,4,3,2,25.0,1.0,,2,,16,4,,27.4,1,,7.0,5,,,3,19.7,289b90cd,Markus Schubert,,True
Tottenham Hotspur,Vitesse,1636056000,nl NED,25-259,5,1,0,1,100.0,0.3,0,1,0.0,2,0,50.0,43.0,0,,,0,0,,0,,6d8ec266,Jeroen Houwen,,True
Rennes,NŠ Mura,1636056000,hr CRO,30-177,90,7,1,6,85.7,1.1,11,28,39.3,43,4,41.9,34.5,15,66.7,48.5,33,0,0.0,0,7.0,35941838,Matko Obradović,,True
Roma,Bodø/Glimt,1636056000,ru RUS,26-116,90,4,2,2,50.0,1.5,8,25,32.0,36,11,38.9,35.3,12,91.7,59.9,33,0,0.0,1,18.3,60831426,Nikita Haikin,,True
Slavia Prague,Maccabi Haifa,1636056000,us USA,29-078,90,4,1,3,75.0,1.3,5,20,25.0,25,4,48.0,39.4,15,53.3,43.2,18,2,11.1,0,10.5,75c2e240,Josh Cohen,,True
Union Berlin,Feyenoord,1636056000,nl NED,23-286,90,6,1,5,83.3,1.3,7,19,36.8,41,8,26.8,33.0,10,80.0,55.5,27,2,7.4,0,9.0,53d93280,Justin Bijlow,,True
Qaırat Almaty,Qarabağ Ağdam,1636039800,az AZE,27-145,90,8,1,7,87.5,1.1,3,22,13.6,31,6,54.8,42.0,5,100.0,67.8,16,0,0.0,0,19.0,595ccab1,Məhəmmədəliyev Şahruddin Maqomedoviç,,True
PAOK,FC Copenhagen,1636056000,se SWE,31-280,90,4,1,3,75.0,1.8,8,21,38.1,15,2,73.3,49.0,10,100.0,67.9,21,2,9.5,0,5.7,a56bd2ee,Karl-Johan Johnsson,,True
Flora,Partizan,1637854200,rs SRB,38-023,90,2,1,1,50.0,0.9,7,20,35.0,26,2,50.0,41.0,10,70.0,52.0,4,0,0.0,6,31.0,919b0211,Aleksandar Popović,,True
Slovan Bratislava,PAOK,1637862300,gr GRE,32-120,90,3,0,3,100.0,1.0,0,1,0.0,11,2,9.1,24.4,5,0.0,28.2,12,0,0.0,0,16.0,4c5039bd,Alexandros Paschalakis,,True
Rennes,Vitesse,1637862300,nl NED,25-280,90,6,3,3,50.0,2.5,7,15,46.7,25,2,60.0,44.2,7,0.0,21.6,11,1,9.1,1,8.8,6d8ec266,Jeroen Houwen,,True
Lincoln Red Imps,FC Copenhagen,1637862300,pl POL,22-321,90,0,0,0,,0.0,4,14,28.6,22,4,18.2,28.0,11,90.9,61.2,3,1,33.3,3,24.8,62182b1d,Kamil Grabara,,True
NŠ Mura,Tottenham Hotspur,1637862300,it ITA,26-252,90,2,2,0,0.0,0.6,3,5,60.0,17,2,23.5,24.5,6,16.7,32.5,3,0,0.0,2,21.3,f0f7f62f,Pierluigi Gollini,,True
Slavia Prague,Feyenoord,1637862300,il ISR,32-049,90,6,2,4,66.7,2.0,7,20,35.0,34,4,41.2,35.4,7,85.7,56.6,14,0,0.0,1,11.3,00d4e7b3,Ofir Marciano,,True
Maccabi Haifa,Union Berlin,1637862300,dk DEN,29-113,90,4,0,4,100.0,0.7,7,22,31.8,33,6,42.4,36.9,9,88.9,66.3,12,1,8.3,0,10.0,a70b8345,Frederik Rønnow,,True
HJK Helsinki,Alashkert,1637862300,am ARM,32-061,90,3,1,2,66.7,0.5,7,15,46.7,31,6,38.7,35.7,6,50.0,40.2,4,0,0.0,2,15.2,870cc839,Ognjen Čančarević,,True
Roma,Zorya Luhansk,1637870400,ua UKR,21-260,90,9,4,4,55.6,4.5,2,3,66.7,32,8,3.1,27.3,8,25.0,27.5,10,0,0.0,0,7.0,6ac8a3a0,Dmytro Matsapura,,True
Jablonec,AZ Alkmaar,1637870400,dk DEN,23-282,90,3,1,2,66.7,0.5,4,6,66.7,39,6,15.4,23.8,5,0.0,11.6,22,1,4.5,0,4.0,7b433ed0,Peter Vindahl Jensen,,True
Randers,CFR Cluj,1637870400,ro ROU,33-249,90,10,2,8,80.0,2.6,15,27,55.6,26,3,76.9,52.1,7,100.0,67.3,24,2,8.3,0,8.0,60a6fe9c,Cristian Bălgrădean,,True
Bodø/Glimt,CSKA Sofia,1637870400,br BRA,31-033,90,3,2,1,33.3,1.8,7,18,38.9,29,2,51.7,41.2,9,33.3,35.2,14,2,14.3,0,3.7,afff46e6,Gustavo Busatto,,True
Qaırat Almaty,Basel,1637854200,at AUT,31-131,90,5,2,3,60.0,1.9,5,13,38.5,33,3,18.2,26.8,11,63.6,48.8,8,0,0.0,2,19.0,0bfaa3b2,Heinz Lindner,,True
Qarabağ Ağdam,AC Omonia,1637862300,ng NGA,23-028,90,6,2,5,66.7,0.9,0,15,0.0,21,6,42.9,38.8,7,85.7,54.0,12,3,25.0,0,7.0,cfd68aa7,Francis Uzoho,,True
Anorthosis,Gent,1637870400,tr TUR,33-083,90,1,1,0,0.0,0.1,6,11,54.5,18,4,55.6,34.8,1,100.0,97.0,5,1,20.0,1,14.0,fe7d8182,Sinan Bolat,,True
Maccabi Tel Aviv,LASK,1637870400,at AUT,25-297,90,3,0,3,100.0,1.2,4,11,36.4,17,3,52.9,37.5,9,22.2,32.3,10,1,10.0,0,6.8,6fe5c35b,Alexander Schlager,,True
Partizan,Anorthosis,1639071900,il ISR,23-103,90,3,1,2,66.7,1.3,9,28,32.1,27,3,63.0,42.0,11,100.0,58.9,16,1,6.3,1,11.1,6f237923,Assaf Tzur,,True
Gent,Flora,1639071900,ee EST,25-068,90,4,1,3,75.0,2.0,9,20,45.0,26,7,46.2,39.4,11,72.7,52.6,11,1,9.1,1,14.8,fc0392f6,Matvei Igonen,,True
LASK,HJK Helsinki,1639071900,fi FIN,23-303,90,6,3,3,50.0,2.9,4,31,12.9,27,3,74.1,48.0,13,84.6,51.0,13,1,7.7,1,10.0,21d45036,Hugo Keto,,True
AZ Alkmaar,Randers,1639071900,se SWE,29-335,90,8,1,7,87.5,1.5,11,26,42.3,23,5,56.5,43.2,13,100.0,64.9,15,0,0.0,0,6.3,168c50c5,Patrik Carlgren,,True
CFR Cluj,Jablonec,1639071900,cz CZE,33-225,90,4,2,2,50.0,2.2,8,14,57.1,19,0,68.4,45.5,2,50.0,34.5,8,1,12.5,0,11.7,5a08c41f,Jan Hanuš,,True
CSKA Sofia,Roma,1639071900,br BRA,24-158,90,5,2,3,60.0,1.2,2,8,25.0,15,4,26.7,30.5,6,66.7,47.7,14,0,0.0,1,16.5,82328faf,Daniel Fuzato,,True
Zorya Luhansk,Bodø/Glimt,1639071900,ru RUS,26-151,90,2,1,1,50.0,0.6,2,2,100.0,18,6,5.6,23.8,5,20.0,23.0,13,0,0.0,3,29.3,60831426,Nikita Haikin,,True
FC Copenhagen,Slovan Bratislava,1639080000,sk SVK,26-062,90,6,2,4,66.7,1.7,6,14,42.9,24,7,41.7,34.4,7,57.1,44.6,9,2,22.2,0,10.5,a1e3e773,Adrián Chovan,,True
Union Berlin,Slavia Prague,1639080000,cz CZE,29-232,90,2,1,1,50.0,1.1,8,22,36.4,32,5,59.4,40.3,3,100.0,56.3,19,2,10.5,3,21.2,f3e82e37,Aleš Mandous,,True
Vitesse,NŠ Mura,1639080000,si SVN,31-174,90,11,3,8,72.7,3.2,2,9,22.2,17,4,35.3,34.2,7,42.9,26.4,27,0,0.0,2,15.0,9aba8019,Marko Zalokar,,True
Basel,Qarabağ Ağdam,1639080000,az AZE,27-180,90,8,3,5,62.5,3.7,4,8,50.0,21,2,19.0,29.8,10,40.0,39.9,15,0,0.0,4,20.4,595ccab1,Məhəmmədəliyev Şahruddin Maqomedoviç,,True
Feyenoord,Maccabi Haifa,1639080000,il ISR,29-016,90,10,2,8,80.0,1.7,4,7,57.1,13,8,30.8,30.5,7,42.9,37.9,18,0,0.0,0,,feb79640,Roei Mashpati,,True
Alashkert,Maccabi Tel Aviv,1639071900,br BRA,26-234,90,2,1,1,50.0,0.7,4,6,66.7,44,4,9.1,24.2,5,40.0,36.8,6,0,0.0,2,26.3,f94e06da,Daniel,,True
PAOK,Lincoln Red Imps,1639080000,gi GIB,25-047,90,5,2,3,60.0,2.1,5,25,20.0,36,10,47.2,42.3,8,100.0,55.4,21,2,9.5,0,9.6,2ab5561f,Dayle Coleing,,True
AC Omonia,Qaırat Almaty,1639080000,kz KAZ,29-001,90,0,0,0,,0.0,7,23,30.4,13,4,69.2,43.8,14,100.0,67.8,22,1,4.5,2,14.6,fe297e7d,Stas Pokatilov,,True
PSV Eindhoven,Maccabi Tel Aviv,1645119900,il ISR,21-222,90,6,1,5,83.3,1.3,8,17,47.1,29,5,37.9,34.7,9,66.7,48.4,20,1,5.0,0,4.0,3f29b3ba,Daniel Peretz,,True
Rapid Wien,Vitesse,1645119900,nl NED,25-364,90,2,2,0,0.0,1.2,8,17,47.1,27,4,44.4,33.6,13,38.5,40.1,3,1,33.3,6,24.2,6d8ec266,Jeroen Houwen,,True
Midtjylland,PAOK,1645119900,gr GRE,32-204,90,2,1,1,50.0,1.2,3,14,21.4,34,6,32.4,36.2,6,50.0,37.5,8,2,25.0,2,15.8,4c5039bd,Alexandros Paschalakis,,True
Celtic,Bodø/Glimt,1645128000,ru RUS,26-221,90,6,1,5,83.3,1.3,2,12,16.7,42,14,19.0,27.6,10,40.0,31.9,36,1,2.8,0,5.7,60831426,Nikita Haikin,,True
Leicester City,Randers,1645128000,se SWE,30-040,90,15,4,11,73.3,4.3,12,27,44.4,33,5,60.6,40.1,9,77.8,58.8,7,0,0.0,1,14.7,168c50c5,Patrik Carlgren,,True
Fenerbahçe,Slavia Prague,1645119900,cz CZE,29-302,90,3,2,1,33.3,1.4,4,16,25.0,33,8,24.2,28.1,12,66.7,44.3,4,0,0.0,0,18.0,f3e82e37,Aleš Mandous,,True
Marseille,Qarabağ Ağdam,1645128000,ge GEO,22-294,90,8,3,5,62.5,2.9,4,11,36.4,25,7,40.0,34.1,5,20.0,23.4,10,1,10.0,2,15.3,f05b0000,Luka Gugeshashvili,,True
Sparta Prague,Partizan,1645128000,rs SRB,38-107,90,1,0,1,100.0,0.3,2,9,22.2,14,4,42.9,34.9,3,100.0,54.3,15,0,0.0,0,19.0,919b0211,Aleksandar Popović,,True
Randers,Leicester City,1645724700,dk DEN,35-111,90,6,1,5,83.3,2.2,5,20,25.0,25,5,32.0,32.9,12,100.0,64.8,15,1,6.7,0,4.3,53af52f3,Kasper Schmeichel,,True
Partizan,Sparta Prague,1645724700,sk SVK,27-211,90,3,2,1,33.3,1.1,9,20,45.0,45,3,31.1,29.8,7,85.7,53.7,8,0,0.0,3,18.4,332695f4,Dominik Holec,,True
Bodø/Glimt,Celtic,1645724700,eng ENG,34-311,90,6,2,4,66.7,2.2,7,9,77.8,26,1,19.2,28.0,8,50.0,40.6,10,1,10.0,1,15.0,cb4f24c6,Joe Hart,,True
Maccabi Tel Aviv,PSV Eindhoven,1645724700,nl NED,25-100,90,6,1,5,83.3,1.7,5,16,31.3,18,5,55.6,47.3,8,75.0,52.9,14,0,0.0,0,15.5,510c6a3f,Joel Drommel,,True
Vitesse,Rapid Wien,1645732800,at AUT,20-344,90,4,2,2,50.0,1.6,5,15,33.3,30,8,40.0,33.2,4,75.0,53.3,13,2,15.4,2,13.5,bdf45350,Niklas Hedl,,True
Slavia Prague,Fenerbahçe,1645732800,tr TUR,23-316,90,8,3,5,62.5,2.6,7,14,50.0,31,2,32.3,33.6,13,30.8,32.1,12,0,0.0,0,11.0,072e68ed,Altay Bayındır,,True
Qarabağ Ağdam,Marseille,1645724700,fr FRA,36-333,90,3,0,3,100.0,0.6,9,21,42.9,37,5,45.9,41.2,10,40.0,39.8,28,1,3.6,0,7.5,1d2d5cc8,Steve Mandanda,,True
PAOK,Midtjylland,1645732800,is ISL,21-350,90,7,2,5,71.4,1.6,10,25,40.0,45,9,40.0,38.7,8,87.5,57.3,17,1,5.9,6,22.0,99047b00,Elías Rafn Ólafsson,,True
Slavia Prague,LASK,1646934300,at AUT,26-037,90,9,4,5,55.6,3.9,4,23,17.4,38,9,50.0,39.1,9,44.4,38.6,9,0,0.0,5,22.1,6fe5c35b,Alexander Schlager,,True
Vitesse,Roma,1646934300,pt POR,34-023,90,5,0,5,100.0,1.8,7,22,31.8,20,5,75.0,50.9,12,58.3,45.2,19,0,0.0,0,4.0,79b0d6a0,Rui Patrício,,True
Partizan,Feyenoord,1646934300,nl NED,24-047,90,6,2,4,66.7,1.0,5,13,38.5,30,8,33.3,32.3,10,30.0,31.8,12,2,16.7,0,3.0,53d93280,Justin Bijlow,,True
PAOK,Gent,1646934300,be BEL,28-032,90,2,1,1,50.0,0.7,4,10,40.0,22,8,45.5,32.7,4,0.0,25.8,15,0,0.0,0,10.0,6fe2aba3,Davy Roef,,True
Leicester City,Rennes,1646942400,sn SEN,28-186,90,3,2,1,33.3,1.2,6,17,35.3,29,3,48.3,36.1,6,50.0,48.7,16,0,0.0,2,20.7,cecbce23,Alfred Gomis,,True
Marseille,Basel,1646942400,at AUT,31-236,90,4,2,2,75.0,2.4,3,9,33.3,19,1,36.8,31.4,10,20.0,25.7,9,1,11.1,0,6.7,0bfaa3b2,Heinz Lindner,,True
Bodø/Glimt,AZ Alkmaar,1646942400,dk DEN,24-022,90,5,2,3,80.0,2.8,8,21,38.1,37,1,51.4,39.5,6,33.3,34.2,9,0,0.0,3,32.0,7b433ed0,Peter Vindahl Jensen,,True
PSV Eindhoven,FC Copenhagen,1646942400,pl POL,23-061,90,9,4,4,55.6,3.6,6,15,40.0,15,5,40.0,33.9,9,100.0,67.1,23,0,0.0,0,5.0,62182b1d,Kamil Grabara,,True
Rennes,Leicester City,1647539100,dk DEN,35-132,90,3,2,1,33.3,2.1,3,15,20.0,20,1,55.0,42.2,7,57.1,49.3,23,0,0.0,1,12.5,53af52f3,Kasper Schmeichel,,True
AZ Alkmaar,Bodø/Glimt,1647539100,ru RUS,26-249,90,6,2,4,66.7,2.0,6,21,28.6,53,11,30.2,30.8,10,50.0,45.2,17,0,0.0,2,27.5,60831426,Nikita Haikin,,True
FC Copenhagen,PSV Eindhoven,1647539100,nl NED,25-121,90,1,0,1,100.0,0.1,2,11,18.2,17,2,41.2,41.6,4,100.0,61.3,7,1,14.3,0,8.0,510c6a3f,Joel Drommel,,True
Basel,Marseille,1647539100,fr FRA,36-354,90,5,1,4,80.0,0.8,4,16,25.0,40,2,35.0,34.8,3,66.7,55.0,13,1,7.7,0,4.0,1d2d5cc8,Steve Mandanda,,True
Roma,Vitesse,1647547200,nl NED,26-027,90,1,1,0,0.0,0.8,1,7,14.3,57,5,10.5,23.2,14,7.1,24.1,14,0,0.0,0,9.5,6d8ec266,Jeroen Houwen,,True
Feyenoord,Partizan,1647547200,rs SRB,29-313,90,6,3,3,50.0,1.9,0,8,0.0,23,5,30.4,30.9,7,14.3,26.3,4,0,0.0,0,14.3,35947c80,Nemanja Stevanović,,True
LASK,Slavia Prague,1647547200,cz CZE,29-330,90,12,4,8,66.7,2.5,9,22,40.9,52,10,30.8,34.7,13,46.2,37.7,15,0,0.0,2,16.9,f3e82e37,Aleš Mandous,,True
Gent,PAOK,1647547200,gr GRE,32-232,90,7,1,6,85.7,1.8,8,19,42.1,21,3,57.1,45.1,11,63.6,45.2,21,1,4.8,4,28.0,4c5039bd,Alexandros Paschalakis,,True
Feyenoord,Slavia Prague,1649349900,cz CZE,27-172,90,6,3,3,50.0,0.8,7,15,46.7,28,3,39.3,32.6,10,40.0,38.1,8,0,0.0,0,1.0,179d2851,Ondřej Kolář,,True
Leicester City,PSV Eindhoven,1649358000,ch SUI,27-305,90,2,0,2,100.0,0.5,1,20,5.0,23,4,56.5,44.7,7,100.0,64.0,13,4,30.8,0,6.0,dc29b608,Yvon Mvogo,,True
Bodø/Glimt,Roma,1649358000,pt POR,34-051,90,6,2,4,66.7,0.4,5,13,38.5,18,3,44.4,42.8,9,55.6,36.2,14,0,0.0,0,0.0,79b0d6a0,Rui Patrício,,True
Marseille,PAOK,1649358000,gr GRE,32-253,90,9,2,7,77.8,1.9,1,5,20.0,22,8,13.6,23.2,6,33.3,32.7,16,0,0.0,0,2.5,4c5039bd,Alexandros Paschalakis,,True
PSV Eindhoven,Leicester City,1649954700,dk DEN,35-160,90,4,1,3,75.0,1.4,1,9,11.1,40,4,17.5,30.2,6,33.3,38.0,14,0,0.0,1,19.5,53af52f3,Kasper Schmeichel,,True
Slavia Prague,Feyenoord,1649962800,il ISR,32-189,90,4,1,3,75.0,1.4,3,18,16.7,13,3,46.2,35.1,14,85.7,59.7,19,0,0.0,1,18.0,00d4e7b3,Ofir Marciano,,True
Roma,Bodø/Glimt,1649962800,ru RUS,26-277,90,9,4,5,55.6,4.4,2,11,18.2,54,9,20.4,30.3,9,0.0,14.1,10,1,10.0,1,15.0,60831426,Nikita Haikin,,True
PAOK,Marseille,1649962800,fr FRA,37-017,90,5,0,5,100.0,1.7,9,26,34.6,43,5,41.9,33.7,10,80.0,53.3,18,0,0.0,3,18.3,1d2d5cc8,Steve Mandanda,,True
Leicester City,Roma,1651172400,pt POR,34-072,90,2,1,2,50.0,0.4,9,22,40.9,17,2,88.2,51.8,8,87.5,55.9,24,0,0.0,0,2.0,79b0d6a0,Rui Patrício,,True
Feyenoord,Marseille,1651172400,fr FRA,37-031,90,5,3,2,40.0,1.9,4,15,26.7,34,6,35.3,33.5,8,37.5,37.0,10,0,0.0,1,20.5,1d2d5cc8,Steve Mandanda,,True
Roma,Leicester City,1651777200,dk DEN,35-181,90,4,1,3,75.0,0.5,3,7,42.9,19,4,26.3,37.6,4,50.0,31.0,8,0,0.0,3,19.5,53af52f3,Kasper Schmeichel,,True
Marseille,Feyenoord,1651777200,il ISR,32-210,90,3,0,3,100.0,0.1,5,19,26.3,20,3,70.0,47.7,5,100.0,61.2,23,1,4.3,1,14.3,00d4e7b3,Ofir Marciano,,True
Roma,Feyenoord,1653505200,nl NED,24-123,90,3,1,2,66.7,0.6,3,12,25.0,31,11,38.7,35.3,6,0.0,18.7,9,2,22.2,1,14.7,53d93280,Justin Bijlow,,True
