home_team,away_team,datetime,nationality,age,minutes,gk_shots_on_target_against,gk_goals_against,gk_saves,gk_save_pct,gk_psxg,gk_passes_completed_launched,gk_passes_launched,gk_passes_pct_launched,gk_passes,gk_passes_throws,gk_pct_passes_launched,gk_passes_length_avg,gk_goal_kicks,gk_pct_goal_kicks_launched,gk_goal_kick_length_avg,gk_crosses,gk_crosses_stopped,gk_crosses_stopped_pct,gk_def_actions_outside_pen_area,gk_avg_distance_def_actions,player_id,player,squad,start
Sporting CP,Vizela,1628277300,es ESP,34-085,90,1,0,1,100.0,0.1,3,5,60.0,32,5,12.5,26.4,5,20.0,26.6,12,0,0.0,6,23.8,65d62814,Antonio Adán,Sporting CP,True
Arouca,Estoril,1628336700,br BRA,29-171,90,6,2,4,66.7,1.3,8,20,40.0,32,6,46.9,34.8,8,62.5,47.8,10,3,30.0,1,11.8,871b35e7,Victor Braga,Arouca,True
Moreirense,Benfica,1628355600,br BRA,29-040,90,6,2,4,66.7,3.2,2,10,20.0,20,3,40.0,37.9,4,50.0,38.8,7,0,0.0,1,23.5,f16f9b47,Mateus Pasinato,Moreirense,True
Marítimo,Braga,1628364600,pt POR,26-122,90,5,2,3,60.0,1.4,6,15,40.0,30,4,43.3,34.9,10,20.0,27.8,18,1,5.6,0,10.3,1c98558c,João Miguel Macedo Silva,Marítimo,True
Tondela,Santa Clara,1628433000,pt POR,33-216,90,5,0,5,100.0,0.4,9,25,36.0,31,9,45.2,40.0,19,57.9,42.3,15,1,6.7,0,4.7,00d19548,Pedro Trigueira,Tondela,True
Vitória Guimarães,Portimonense,1628433000,cz CZE,22-310,90,1,1,0,0.0,0.9,1,4,25.0,28,8,14.3,25.1,5,0.0,22.0,12,0,0.0,0,17.0,393f7c58,Matouš Trmal,Vitória Guimarães,True
Porto,Belenenses SAD,1628442000,pt POR,21-323,90,3,0,3,100.0,0.4,3,9,33.3,27,6,33.3,33.9,3,0.0,16.0,5,1,20.0,2,16.7,93fffbcf,Diogo Costa,Porto,True
Paços de Ferreira,Famalicão,1628451000,pt POR,25-071,90,2,0,2,100.0,0.5,3,7,42.9,17,2,17.6,26.6,7,57.1,45.9,11,1,9.1,4,22.0,12c6cbef,André Ferreira,Paços de Ferreira,True
Gil Vicente FC,Boavista,1628536500,ru RUS,30-251,90,5,0,5,100.0,0.9,6,14,42.9,33,5,33.3,36.6,7,42.9,37.6,14,1,7.1,0,6.8,b8798a46,Stanislav Kritsyuk,Gil Vicente FC,True
Estoril,Vitória Guimarães,1628882100,pt POR,23-024,90,2,0,2,100.0,0.1,4,9,44.4,35,1,14.3,22.7,11,36.4,30.5,23,0,0.0,0,11.0,f7c68686,Daniel Leite,Estoril,True
Vizela,Tondela,1628951400,br BRA,27-191,90,2,1,1,100.0,1.0,3,7,42.9,16,10,25.0,30.9,7,42.9,44.4,10,0,0.0,2,28.0,9dadc297,Charles,Vizela,True
Benfica,Arouca,1628960400,gr GRE,27-110,90,1,0,1,100.0,0.3,2,2,100.0,12,4,16.7,25.8,2,0.0,24.0,2,0,0.0,2,19.7,03df04ff,Odisseas Vlachodimos,Benfica,True
Braga,Sporting CP,1628969400,br BRA,29-026,90,3,2,1,33.3,1.1,4,12,33.3,38,5,31.6,34.9,5,0.0,23.4,9,0,0.0,1,14.0,ef3909cd,Matheus,Braga,True
Portimonense,Gil Vicente FC,1629037800,br BRA,27-139,90,4,1,3,75.0,0.3,5,11,45.5,33,4,24.2,33.7,8,37.5,39.4,8,0,0.0,2,23.0,554067e3,Samuel Portugal,Portimonense,True
Famalicão,Porto,1629046800,br BRA,20-213,90,4,2,2,50.0,1.3,3,12,25.0,23,5,30.4,30.9,9,55.6,37.4,4,0,0.0,1,15.0,d0530e29,Luiz Lúcio Reis Júnior,Famalicão,True
Santa Clara,Moreirense,1629055800,pt POR,26-291,90,4,2,2,75.0,2.3,1,14,7.1,27,3,44.4,36.8,5,40.0,36.8,11,0,0.0,0,,93d5feb6,Ricardo Fernandes,Santa Clara,True
Boavista,Paços de Ferreira,1629136800,br BRA,40-103,90,5,0,5,100.0,1.2,7,24,29.2,23,3,73.9,48.9,7,100.0,61.4,21,1,4.8,0,4.3,5f7d2dfe,Rafael Bracalli,Boavista,True
Belenenses SAD,Marítimo,1629144900,br BRA,24-114,90,4,2,2,50.0,2.1,4,14,28.6,22,4,40.9,35.0,8,62.5,44.8,8,1,12.5,1,11.0,185084a1,Luiz Felipe,Belenenses SAD,True
Arouca,Famalicão,1629482400,br BRA,24-143,90,5,1,4,80.0,1.0,7,14,50.0,24,4,50.0,42.2,5,40.0,33.0,15,2,13.3,2,13.0,b8a82624,Fernando Castro,Arouca,True
Moreirense,Braga,1629490500,br BRA,29-053,90,7,3,4,57.1,2.4,6,16,37.5,20,2,55.0,44.2,7,71.4,50.4,5,0,0.0,0,16.0,f16f9b47,Mateus Pasinato,Moreirense,True
Gil Vicente FC,Benfica,1629565200,ru RUS,30-263,90,7,2,5,71.4,2.3,8,28,28.6,31,3,58.1,41.2,12,83.3,54.9,19,1,5.3,2,12.2,b8798a46,Stanislav Kritsyuk,Gil Vicente FC,True
Sporting CP,Belenenses SAD,1629574200,es ESP,34-100,90,0,0,0,,0.0,5,7,71.4,22,3,18.2,27.7,9,33.3,26.3,1,0,0.0,1,25.0,65d62814,Antonio Adán,Sporting CP,True
Tondela,Portimonense,1629642600,mr MTN,24-245,90,5,3,2,60.0,2.3,3,5,60.0,29,5,13.8,24.2,3,33.3,28.0,7,0,0.0,0,,5c8beb50,Babacar Niasse,Tondela,True
Marítimo,Porto,1629651600,br BRA,34-222,90,4,1,3,75.0,1.1,7,17,41.2,26,9,34.6,31.9,15,53.3,39.6,16,0,0.0,0,8.0,68a3e731,Paulo Victor Vidotti,Marítimo,True
Vitória Guimarães,Vizela,1629660600,cz CZE,22-324,90,2,0,2,100.0,0.3,4,10,40.0,29,3,27.6,29.6,3,66.7,44.3,2,0,0.0,0,,393f7c58,Matouš Trmal,Vitória Guimarães,True
Paços de Ferreira,Estoril,1629741600,pt POR,25-086,90,3,3,0,33.3,2.2,3,13,23.1,23,5,39.1,33.3,9,44.4,34.0,7,2,28.6,4,18.7,12c6cbef,André Ferreira,Paços de Ferreira,True
Boavista,Santa Clara,1629749700,br BRA,40-110,90,2,0,2,100.0,0.4,2,21,9.5,25,3,52.0,42.6,9,88.9,57.9,12,1,8.3,2,16.7,5f7d2dfe,Rafael Bracalli,Boavista,True
Belenenses SAD,Moreirense,1630087200,br BRA,24-125,90,6,1,4,83.3,2.2,5,24,20.8,34,3,58.8,44.4,4,100.0,63.8,37,4,10.8,1,8.1,185084a1,Luiz Felipe,Belenenses SAD,True
Estoril,Marítimo,1630095300,pt POR,23-038,90,2,1,1,50.0,0.5,2,22,9.1,35,5,45.7,43.1,7,85.7,60.6,14,0,0.0,0,14.0,f7c68686,Daniel Leite,Estoril,True
Vizela,Boavista,1630161000,br BRA,27-205,90,1,1,0,0.0,0.6,1,3,33.3,11,3,0.0,19.5,5,60.0,53.2,11,0,0.0,0,9.5,9dadc297,Charles,Vizela,True
Porto,Arouca,1630170000,pt POR,21-343,90,1,0,1,100.0,0.3,12,18,66.7,39,3,35.9,34.5,9,44.4,35.7,8,0,0.0,1,15.7,93fffbcf,Diogo Costa,Porto,True
Famalicão,Sporting CP,1630179000,br BRA,20-226,90,5,1,4,80.0,1.1,7,17,41.2,27,12,37.0,35.9,9,77.8,50.3,31,1,3.2,7,24.6,d0530e29,Luiz Lúcio Reis Júnior,Famalicão,True
Benfica,Tondela,1630256400,gr GRE,27-125,90,2,1,1,50.0,1.4,0,3,0.0,27,7,7.4,21.4,3,33.3,27.3,5,1,20.0,1,30.5,03df04ff,Odisseas Vlachodimos,Benfica,True
Braga,Vitória Guimarães,1630256400,br BRA,29-041,90,2,0,2,100.0,0.2,3,6,50.0,24,6,16.7,29.5,6,33.3,35.8,15,1,6.7,3,18.2,ef3909cd,Matheus,Braga,True
Santa Clara,Gil Vicente FC,1630265400,pt POR,34-229,90,2,0,2,100.0,0.2,7,19,36.8,12,1,75.0,57.8,10,100.0,65.4,24,2,8.3,0,2.5,5cd73451,Marco André Rocha Pereira,Santa Clara,True
Portimonense,Paços de Ferreira,1630265400,br BRA,27-153,90,2,1,1,50.0,0.3,8,16,50.0,24,0,45.8,35.7,6,83.3,56.2,7,0,0.0,0,18.0,554067e3,Samuel Portugal,Portimonense,True
Paços de Ferreira,Braga,1631370600,pt POR,25-105,90,2,0,2,100.0,0.1,11,20,55.0,28,4,42.9,38.4,11,72.7,52.7,12,0,0.0,0,10.0,12c6cbef,André Ferreira,Paços de Ferreira,True
Santa Clara,Benfica,1631379600,pt POR,34-242,90,5,5,0,0.0,2.3,3,13,23.1,11,1,63.6,46.3,7,85.7,57.4,6,1,16.7,0,8.5,5cd73451,Marco André Rocha Pereira,Santa Clara,True
Sporting CP,Porto,1631388600,es ESP,34-121,90,1,1,0,0.0,0.4,5,13,38.5,35,4,31.4,34.3,7,28.6,27.0,16,0,0.0,0,12.3,65d62814,Antonio Adán,Sporting CP,True
Moreirense,Famalicão,1631457000,br BRA,29-076,90,8,2,6,75.0,1.9,4,15,26.7,13,0,61.5,51.2,7,100.0,73.3,15,0,0.0,0,11.0,f16f9b47,Mateus Pasinato,Moreirense,True
Gil Vicente FC,Vizela,1631466000,fr FRA,21-136,90,5,2,3,80.0,2.1,6,15,40.0,20,3,50.0,39.2,9,55.6,43.7,15,0,0.0,0,17.0,100104d1,Brian Araújo,Gil Vicente FC,True
Boavista,Portimonense,1631466000,br BRA,40-130,90,3,1,2,66.7,0.6,7,15,46.7,31,8,41.9,36.4,5,40.0,40.2,9,1,11.1,0,11.7,5f7d2dfe,Rafael Bracalli,Boavista,True
Vitória Guimarães,Belenenses SAD,1631475000,cz CZE,22-345,90,6,0,6,100.0,0.6,6,17,35.3,16,5,43.8,37.1,11,90.9,56.7,15,0,0.0,0,4.0,393f7c58,Matouš Trmal,Vitória Guimarães,True
Marítimo,Arouca,1631556000,br BRA,34-244,90,3,2,1,33.3,1.6,9,24,37.5,34,5,41.2,36.9,12,83.3,47.9,15,2,13.3,0,8.0,68a3e731,Paulo Victor Vidotti,Marítimo,True
Tondela,Estoril,1631564100,mr MTN,24-267,90,4,2,2,50.0,0.8,3,7,42.9,32,5,15.6,27.6,6,33.3,37.0,14,2,14.3,2,18.5,5c8beb50,Babacar Niasse,Tondela,True
Portimonense,Santa Clara,1631906100,br BRA,27-172,90,2,1,1,50.0,0.9,7,23,30.4,27,1,48.1,42.2,11,90.9,65.0,10,1,10.0,2,12.6,554067e3,Samuel Portugal,Portimonense,True
Famalicão,Marítimo,1631975400,br BRA,24-248,90,0,0,0,,0.0,5,8,62.5,28,3,21.4,29.4,3,66.7,51.7,13,2,15.4,2,13.4,f9a8ed14,Dalberson,Famalicão,True
Belenenses SAD,Gil Vicente FC,1631984400,br BRA,24-147,90,4,1,3,75.0,1.9,4,8,50.0,22,4,18.2,28.7,4,100.0,63.3,14,0,0.0,0,19.0,185084a1,Luiz Felipe,Belenenses SAD,True
Arouca,Vitória Guimarães,1631993400,br BRA,24-172,90,4,2,2,50.0,2.1,2,9,22.2,26,2,19.2,31.3,7,57.1,48.9,17,0,0.0,2,18.4,b8a82624,Fernando Castro,Arouca,True
Vizela,Paços de Ferreira,1632061800,br BRA,27-227,90,3,1,2,66.7,0.5,7,10,70.0,19,5,26.3,31.1,8,62.5,39.8,16,3,18.8,1,10.0,9dadc297,Charles,Vizela,True
Porto,Moreirense,1632070800,pt POR,22-000,90,0,0,0,,0.0,1,7,14.3,23,3,17.4,31.6,6,50.0,41.2,12,1,8.3,0,10.3,93fffbcf,Diogo Costa,Porto,True
Estoril,Sporting CP,1632079800,pt POR,23-061,90,3,1,2,100.0,1.1,3,8,37.5,42,4,16.7,27.0,9,11.1,19.8,22,2,9.1,1,10.8,f7c68686,Daniel Leite,Estoril,True
Benfica,Boavista,1632160800,gr GRE,27-147,90,6,1,5,83.3,1.3,3,10,30.0,30,6,30.0,31.1,5,20.0,30.4,10,0,0.0,0,6.0,03df04ff,Odisseas Vlachodimos,Benfica,True
Braga,Tondela,1632168900,br BRA,29-063,90,1,1,0,0.0,0.2,3,6,50.0,22,4,18.2,26.7,4,50.0,44.8,5,0,0.0,1,26.0,ef3909cd,Matheus,Braga,True
Sporting CP,Marítimo,1632506400,es ESP,34-134,90,0,0,0,,0.0,4,6,66.7,34,3,14.7,24.6,6,16.7,27.8,1,0,0.0,6,22.4,65d62814,Antonio Adán,Sporting CP,True
Gil Vicente FC,Porto,1632514500,si SVN,23-230,90,7,2,5,71.4,1.9,4,17,23.5,20,2,50.0,41.9,11,63.6,54.1,21,1,4.8,4,21.0,58bef7b2,Žiga Frelih,Gil Vicente FC,True
Moreirense,Arouca,1632580200,br BRA,25-335,90,5,1,4,80.0,1.5,8,29,27.6,25,3,80.0,59.2,9,100.0,63.4,29,3,10.3,4,15.3,aea1afc8,Kewin,Moreirense,True
Vitória Guimarães,Benfica,1632589200,cz CZE,22-358,90,4,3,1,25.0,2.5,5,16,31.3,22,3,27.3,31.6,13,76.9,53.3,14,1,7.1,1,15.3,393f7c58,Matouš Trmal,Vitória Guimarães,True
Tondela,Famalicão,1632598200,pt POR,33-264,90,7,2,5,71.4,2.1,6,15,40.0,27,5,29.6,32.5,13,53.8,45.0,8,0,0.0,0,7.0,00d19548,Pedro Trigueira,Tondela,True
Santa Clara,Braga,1632675600,pt POR,34-257,90,4,1,3,75.0,1.2,13,21,61.9,33,2,54.5,43.1,6,50.0,37.5,17,0,0.0,1,23.0,5cd73451,Marco André Rocha Pereira,Santa Clara,True
Portimonense,Vizela,1632684600,br BRA,27-181,90,2,0,2,100.0,0.4,10,30,33.3,44,3,38.6,37.5,14,92.9,61.9,12,0,0.0,3,21.8,554067e3,Samuel Portugal,Portimonense,True
Paços de Ferreira,Belenenses SAD,1632765600,pt POR,25-121,90,2,2,0,0.0,0.8,8,25,32.0,22,2,72.7,48.5,11,81.8,59.4,10,1,10.0,3,24.5,12c6cbef,André Ferreira,Paços de Ferreira,True
Boavista,Estoril,1632773700,ir IRN,29-006,90,1,1,0,0.0,0.1,8,22,36.4,33,5,48.5,44.2,6,100.0,63.3,27,4,14.8,0,4.6,6ca0b04a,Alireza Beiranvand,Boavista,True
Marítimo,Moreirense,1633111200,pt POR,26-177,90,6,0,6,100.0,1.5,3,6,50.0,23,6,13.0,21.8,6,50.0,38.7,18,0,0.0,1,12.6,1c98558c,João Miguel Macedo Silva,Marítimo,True
Famalicão,Vitória Guimarães,1633119300,br BRA,20-260,90,5,2,3,60.0,1.7,3,10,30.0,24,2,41.7,34.1,3,0.0,17.3,4,0,0.0,2,18.0,d0530e29,Luiz Lúcio Reis Júnior,Famalicão,True
Vizela,Santa Clara,1633185000,br BRA,27-240,90,1,1,0,0.0,0.1,5,10,50.0,24,5,25.0,30.7,5,80.0,54.4,11,0,0.0,1,18.7,9dadc297,Charles,Vizela,True
Porto,Paços de Ferreira,1633194000,pt POR,22-013,90,2,1,1,50.0,0.5,2,11,18.2,25,5,36.0,32.8,5,40.0,31.0,9,0,0.0,3,28.3,93fffbcf,Diogo Costa,Porto,True
Arouca,Sporting CP,1633203000,br BRA,24-186,90,8,2,6,75.0,2.5,0,14,0.0,27,6,48.1,39.7,4,25.0,34.8,12,0,0.0,0,17.5,b8a82624,Fernando Castro,Arouca,True
Belenenses SAD,Tondela,1633271400,br BRA,24-162,90,5,2,3,60.0,2.3,2,12,16.7,14,1,50.0,41.0,6,83.3,55.7,6,0,0.0,3,21.8,185084a1,Luiz Felipe,Belenenses SAD,True
Estoril,Gil Vicente FC,1633280400,pt POR,23-075,90,8,2,6,75.0,1.4,3,5,60.0,62,9,6.5,21.7,5,20.0,36.4,5,0,0.0,2,22.5,f7c68686,Daniel Leite,Estoril,True
Benfica,Portimonense,1633280400,gr GRE,27-160,90,3,1,2,66.7,0.6,5,5,100.0,16,3,18.8,31.1,7,28.6,29.1,6,0,0.0,1,16.0,03df04ff,Odisseas Vlachodimos,Benfica,True
Braga,Boavista,1633289400,br BRA,29-076,90,2,2,0,0.0,1.0,6,9,66.7,38,7,21.1,29.3,5,20.0,25.0,5,1,20.0,0,7.0,ef3909cd,Matheus,Braga,True
Vitória Guimarães,Marítimo,1634930100,pt POR,26-352,90,3,1,2,66.7,1.7,6,14,42.9,14,3,42.9,34.8,10,80.0,48.3,10,2,20.0,1,11.3,2bea06e0,Bruno Varela,Vitória Guimarães,True
Santa Clara,Famalicão,1634999400,pt POR,34-284,90,5,2,3,80.0,2.0,8,11,72.7,29,5,34.5,33.7,6,16.7,20.0,16,0,0.0,4,17.6,5cd73451,Marco André Rocha Pereira,Santa Clara,True
Tondela,Porto,1635008400,pt POR,33-292,90,6,3,3,50.0,2.4,14,37,37.8,27,3,74.1,51.3,19,89.5,52.8,17,0,0.0,1,11.3,00d19548,Pedro Trigueira,Tondela,True
Sporting CP,Moreirense,1635017400,es ESP,34-163,90,1,0,1,100.0,0.3,2,10,20.0,24,5,33.3,31.2,7,28.6,28.1,12,1,8.3,0,10.5,65d62814,Antonio Adán,Sporting CP,True
Paços de Ferreira,Arouca,1635085800,pt POR,25-148,90,6,0,6,100.0,1.1,7,22,31.8,30,5,60.0,41.6,4,100.0,61.3,19,1,5.3,0,10.4,12c6cbef,André Ferreira,Paços de Ferreira,True
Vizela,Benfica,1635094800,br BRA,27-262,90,7,1,6,85.7,1.9,4,17,23.5,20,3,55.0,47.0,8,75.0,49.5,30,1,3.3,0,10.0,9dadc297,Charles,Vizela,True
Portimonense,Estoril,1635103800,br BRA,27-209,90,2,2,0,0.0,1.2,7,16,43.8,39,4,30.8,31.6,4,100.0,59.8,6,0,0.0,1,20.5,554067e3,Samuel Portugal,Portimonense,True
Gil Vicente FC,Braga,1635184800,si SVN,23-261,90,4,1,3,75.0,1.2,6,17,35.3,30,2,53.3,41.8,7,14.3,24.3,9,0,0.0,4,21.6,58bef7b2,Žiga Frelih,Gil Vicente FC,True
Boavista,Belenenses SAD,1635192900,ir IRN,29-034,90,0,0,0,,0.0,1,2,50.0,31,9,6.5,26.2,8,0.0,20.4,8,0,0.0,3,19.8,6ca0b04a,Alireza Beiranvand,Boavista,True
Arouca,Tondela,1635534900,br BRA,29-254,90,6,0,6,100.0,2.0,7,18,38.9,16,0,68.8,49.3,11,63.6,44.1,18,0,0.0,2,17.0,871b35e7,Victor Braga,Arouca,True
Porto,Boavista,1635609600,pt POR,22-041,90,3,1,2,66.7,0.9,3,14,21.4,26,1,38.5,33.1,5,80.0,51.8,10,0,0.0,1,16.5,93fffbcf,Diogo Costa,Porto,True
Estoril,Benfica,1635616800,pt POR,23-102,90,7,1,6,85.7,0.9,6,16,37.5,33,5,24.2,36.7,11,72.7,57.4,18,1,5.6,0,10.0,f7c68686,Daniel Leite,Estoril,True
Sporting CP,Vitória Guimarães,1635624900,es ESP,34-170,90,2,0,2,100.0,0.1,4,7,57.1,20,5,25.0,29.1,6,33.3,33.0,11,0,0.0,0,11.0,65d62814,Antonio Adán,Sporting CP,True
Marítimo,Gil Vicente FC,1635694200,br BRA,34-292,90,5,2,3,60.0,0.8,3,10,30.0,29,6,20.7,23.7,7,57.1,38.1,12,1,8.3,0,8.3,68a3e731,Paulo Victor Vidotti,Marítimo,True
Belenenses SAD,Santa Clara,1635703200,br BRA,24-190,90,3,1,2,100.0,1.2,11,19,57.9,39,6,43.6,34.5,8,25.0,32.8,24,0,0.0,3,17.6,185084a1,Luiz Felipe,Belenenses SAD,True
Famalicão,Vizela,1635712200,br BRA,20-290,90,3,1,2,66.7,0.9,5,8,62.5,25,6,28.0,31.2,3,33.3,39.3,10,1,10.0,6,18.6,d0530e29,Luiz Lúcio Reis Júnior,Famalicão,True
Braga,Portimonense,1635793200,br BRA,29-105,90,2,0,2,100.0,0.7,6,13,46.2,29,5,41.4,37.8,4,25.0,22.0,13,0,0.0,2,19.0,ef3909cd,Matheus,Braga,True
Moreirense,Paços de Ferreira,1635801300,br BRA,26-007,90,5,1,4,80.0,1.1,7,19,36.8,26,3,46.2,37.8,7,100.0,69.6,20,0,0.0,2,18.3,aea1afc8,Kewin,Moreirense,True
Gil Vicente FC,Arouca,1636138800,si SVN,23-272,90,1,1,0,0.0,0.3,4,6,66.7,19,4,15.8,25.4,8,37.5,39.9,6,0,0.0,3,20.3,58bef7b2,Žiga Frelih,Gil Vicente FC,True
Boavista,Famalicão,1636146900,ir IRN,29-045,90,10,5,5,50.0,3.2,2,5,40.0,25,10,20.0,29.5,5,0.0,20.2,10,2,20.0,1,12.3,6ca0b04a,Alireza Beiranvand,Boavista,True
Vizela,Estoril,1636212600,br BRA,27-275,90,6,1,5,83.3,0.9,4,10,40.0,31,12,22.6,28.9,9,33.3,30.8,12,2,16.7,0,10.8,9dadc297,Charles,Vizela,True
Portimonense,Belenenses SAD,1636221600,br BRA,27-222,90,3,0,3,100.0,0.5,9,17,52.9,21,2,38.1,34.4,11,81.8,54.1,17,1,5.9,0,13.0,554067e3,Samuel Portugal,Portimonense,True
Vitória Guimarães,Moreirense,1636230600,pt POR,27-002,90,8,1,7,87.5,1.8,13,26,50.0,30,3,46.7,39.4,13,92.3,54.5,20,1,5.0,0,6.6,2bea06e0,Bruno Varela,Vitória Guimarães,True
Tondela,Marítimo,1636293600,pt POR,33-307,90,10,2,8,80.0,2.9,13,31,41.9,29,4,79.3,49.5,9,88.9,52.9,16,0,0.0,0,9.8,00d19548,Pedro Trigueira,Tondela,True
Santa Clara,Porto,1636304400,pt POR,27-010,90,10,3,7,70.0,2.9,4,17,23.5,28,10,42.9,37.2,7,71.4,51.6,20,0,0.0,2,16.6,93d5feb6,Ricardo Fernandes,Santa Clara,True
Paços de Ferreira,Sporting CP,1636311600,pt POR,25-162,90,8,2,6,75.0,2.9,13,30,43.3,30,3,66.7,46.0,11,90.9,52.3,23,1,4.3,3,22.5,12c6cbef,André Ferreira,Paços de Ferreira,True
Benfica,Braga,1636319700,gr GRE,27-195,90,4,1,3,75.0,1.3,1,3,33.3,31,6,9.7,23.9,1,0.0,32.0,15,1,6.7,0,10.7,03df04ff,Odisseas Vlachodimos,Benfica,True
Moreirense,Gil Vicente FC,1637957700,br BRA,26-032,90,8,2,6,75.0,1.9,2,17,11.8,26,5,57.7,43.3,3,66.7,51.0,12,2,16.7,2,16.8,aea1afc8,Kewin,Moreirense,True
Famalicão,Portimonense,1638027000,br BRA,20-317,90,2,3,0,-50.0,0.5,1,3,33.3,24,5,8.3,25.2,5,20.0,31.6,9,1,11.1,3,21.3,d0530e29,Luiz Lúcio Reis Júnior,Famalicão,True
Arouca,Boavista,1638036000,cm CMR,22-242,90,2,1,1,50.0,0.2,5,17,29.4,31,4,38.7,32.8,8,62.5,42.8,12,1,8.3,4,21.3,8f63b5ef,Norbert Haymamba,Arouca,True
Belenenses SAD,Benfica,1638045000,pt POR,22-311,90,11,7,5,45.5,5.7,3,13,23.1,10,0,90.0,56.5,4,100.0,55.8,11,1,9.1,0,6.5,0fc0cee3,Álvaro Ramalho,Belenenses SAD,True
Marítimo,Paços de Ferreira,1638113400,br BRA,34-320,90,3,0,3,100.0,0.4,11,15,73.3,23,6,39.1,38.4,6,100.0,61.7,28,0,0.0,2,17.8,68a3e731,Paulo Victor Vidotti,Marítimo,True
Sporting CP,Tondela,1638122400,es ESP,34-199,90,1,0,1,100.0,0.1,3,5,60.0,40,4,12.5,25.7,5,0.0,19.4,8,0,0.0,2,13.3,65d62814,Antonio Adán,Sporting CP,True
Porto,Vitória Guimarães,1638131400,pt POR,22-070,90,2,1,1,100.0,1.3,1,4,25.0,37,3,10.8,22.3,7,0.0,26.9,6,1,16.7,5,21.2,93fffbcf,Diogo Costa,Porto,True
Estoril,Santa Clara,1638216900,br BRA,25-170,90,5,2,3,60.0,1.6,0,0,,17,2,0.0,19.1,4,0.0,23.5,5,0,0.0,0,8.0,c9c55581,Mosquito,Estoril,True
Braga,Vizela,1638303300,br BRA,29-134,90,2,1,1,50.0,0.7,5,11,45.5,38,4,23.7,29.6,6,33.3,26.8,5,1,20.0,2,20.0,ef3909cd,Matheus,Braga,True
Portimonense,Porto,1638558000,br BRA,27-249,90,6,3,4,50.0,2.7,11,24,45.8,38,9,55.3,40.8,13,23.1,33.5,9,0,0.0,0,12.0,554067e3,Samuel Portugal,Portimonense,True
Benfica,Sporting CP,1638566100,gr GRE,27-221,90,5,3,2,40.0,3.1,4,10,40.0,31,6,32.3,33.4,8,0.0,21.3,11,0,0.0,2,17.0,03df04ff,Odisseas Vlachodimos,Benfica,True
Boavista,Marítimo,1638640800,ir IRN,29-074,90,3,1,2,66.7,0.7,7,20,35.0,21,4,66.7,46.5,6,100.0,60.3,19,2,10.5,4,15.8,6ca0b04a,Alireza Beiranvand,Boavista,True
Paços de Ferreira,Vitória Guimarães,1638649800,pt POR,25-189,90,8,2,6,75.0,2.3,12,22,54.5,17,0,88.2,52.0,9,77.8,50.6,17,1,5.9,0,7.0,12c6cbef,André Ferreira,Paços de Ferreira,True
Santa Clara,Arouca,1638718200,pt POR,34-327,90,4,1,3,75.0,1.2,12,35,34.3,35,2,71.4,48.3,11,90.9,56.0,16,0,0.0,1,19.0,5cd73451,Marco André Rocha Pereira,Santa Clara,True
Gil Vicente FC,Famalicão,1638727200,si SVN,23-302,90,1,0,1,100.0,0.2,9,25,36.0,37,2,45.9,37.9,9,88.9,57.8,11,0,0.0,1,13.8,58bef7b2,Žiga Frelih,Gil Vicente FC,True
Braga,Estoril,1638736200,br BRA,29-139,90,5,0,5,100.0,0.9,3,13,23.1,34,2,38.2,34.9,2,0.0,26.5,22,4,18.2,1,10.3,ef3909cd,Matheus,Braga,True
Paços de Ferreira,Gil Vicente FC,1639167300,pt POR,25-195,90,5,1,4,80.0,1.7,5,24,20.8,26,3,57.7,40.2,10,90.0,48.7,14,2,14.3,0,10.8,12c6cbef,André Ferreira,Paços de Ferreira,True
Marítimo,Santa Clara,1639236600,br BRA,34-333,90,3,1,2,66.7,0.4,8,13,61.5,22,2,31.8,33.0,10,60.0,48.8,4,0,0.0,2,26.5,68a3e731,Paulo Victor Vidotti,Marítimo,True
Vitória Guimarães,Tondela,1639245600,pt POR,27-037,90,3,2,1,66.7,1.4,6,12,50.0,18,2,38.9,34.7,7,71.4,47.1,14,0,0.0,1,14.0,2bea06e0,Bruno Varela,Vitória Guimarães,True
Sporting CP,Boavista,1639254600,es ESP,34-212,90,1,0,1,100.0,0.3,1,3,33.3,30,3,10.0,23.0,3,0.0,26.3,5,0,0.0,0,10.0,65d62814,Antonio Adán,Sporting CP,True
Moreirense,Portimonense,1639323000,br BRA,26-048,90,4,1,3,75.0,1.2,2,10,20.0,13,5,38.5,44.4,5,100.0,65.6,4,0,0.0,2,16.3,aea1afc8,Kewin,Moreirense,True
Belenenses SAD,Estoril,1639323000,br BRA,24-232,90,7,1,6,85.7,1.4,5,11,45.5,28,7,35.7,30.2,10,10.0,28.2,32,1,3.1,1,9.5,185084a1,Luiz Felipe,Belenenses SAD,True
Famalicão,Benfica,1639332000,br BRA,20-332,90,4,4,0,0.0,2.6,5,10,50.0,26,6,30.8,32.9,3,66.7,53.0,3,0,0.0,6,23.7,d0530e29,Luiz Lúcio Reis Júnior,Famalicão,True
Porto,Braga,1639341000,pt POR,22-084,90,1,0,1,100.0,0.4,8,26,30.8,45,1,48.9,37.3,4,100.0,60.8,8,2,25.0,1,15.8,93fffbcf,Diogo Costa,Porto,True
Arouca,Vizela,1639426500,cm CMR,22-258,90,4,4,1,25.0,1.5,2,5,40.0,20,6,20.0,28.8,5,20.0,19.6,11,1,9.1,1,13.3,8f63b5ef,Norbert Haymamba,Arouca,True
Santa Clara,Vitória Guimarães,1639767600,pt POR,34-339,90,1,0,1,100.0,0.0,10,21,47.6,28,1,64.3,46.1,9,33.3,30.6,13,3,23.1,1,11.7,5cd73451,Marco André Rocha Pereira,Santa Clara,True
Estoril,Famalicão,1639775700,br BRA,25-188,90,3,2,2,33.3,0.5,4,7,57.1,27,4,18.5,25.5,7,28.6,38.7,7,0,0.0,0,10.5,c9c55581,Mosquito,Estoril,True
Portimonense,Arouca,1639841400,br BRA,27-264,90,6,1,5,83.3,0.7,13,30,43.3,25,1,76.0,47.0,11,100.0,62.5,10,1,10.0,1,11.3,554067e3,Samuel Portugal,Portimonense,True
Tondela,Paços de Ferreira,1639841400,pt POR,33-348,77,4,,4,,0.8,5,10,50.0,20,3,40.0,38.1,7,28.6,34.4,12,1,8.3,2,12.5,00d19548,Pedro Trigueira,Tondela,True
Tondela,Paços de Ferreira,1639841400,mr MTN,24-363,13,1,1,0,100.0,1.0,1,1,100.0,3,0,33.3,20.0,1,0.0,29.0,3,0,0.0,2,33.5,5c8beb50,Babacar Niasse,Tondela,True
Gil Vicente FC,Sporting CP,1639859400,si SVN,23-315,90,9,3,5,66.7,3.0,6,14,42.9,25,3,44.0,35.0,10,30.0,33.7,13,0,0.0,0,14.5,58bef7b2,Žiga Frelih,Gil Vicente FC,True
Benfica,Marítimo,1639933200,gr GRE,27-237,90,2,1,1,50.0,0.5,1,5,20.0,23,8,4.3,24.3,10,40.0,36.6,12,0,0.0,1,10.3,03df04ff,Odisseas Vlachodimos,Benfica,True
Boavista,Moreirense,1639933200,br BRA,40-228,90,3,0,3,100.0,0.1,16,25,64.0,26,7,61.5,44.0,9,100.0,61.1,20,5,25.0,1,10.3,5f7d2dfe,Rafael Bracalli,Boavista,True
Vizela,Porto,1639940400,br BRA,27-318,90,7,4,4,42.9,2.9,6,13,46.2,25,12,40.0,33.8,10,30.0,27.8,16,1,6.3,0,5.3,9dadc297,Charles,Vizela,True
Braga,Belenenses SAD,1639947600,br BRA,29-153,90,2,0,2,100.0,0.1,2,12,16.7,50,6,24.0,29.3,4,0.0,19.0,7,0,0.0,1,18.0,ef3909cd,Matheus,Braga,True
Tondela,Gil Vicente FC,1640710800,mr MTN,25-008,90,6,3,3,50.0,1.4,0,10,0.0,39,12,17.9,28.4,7,42.9,44.6,12,1,8.3,0,4.0,5c8beb50,Babacar Niasse,Tondela,True
Marítimo,Vizela,1640718000,br BRA,34-350,90,1,0,1,100.0,0.1,5,11,45.5,28,5,28.6,31.0,6,50.0,34.5,15,1,6.7,2,14.8,68a3e731,Paulo Victor Vidotti,Marítimo,True
Moreirense,Estoril,1640725200,br BRA,26-064,90,4,0,4,100.0,0.5,3,16,18.8,19,5,52.6,48.8,7,85.7,60.6,29,0,0.0,0,8.5,aea1afc8,Kewin,Moreirense,True
Vitória Guimarães,Boavista,1640804400,pt POR,27-055,90,4,1,3,75.0,2.0,5,10,50.0,27,3,25.9,31.4,4,75.0,44.3,9,0,0.0,0,10.0,2bea06e0,Bruno Varela,Vitória Guimarães,True
Sporting CP,Portimonense,1640811600,es ESP,34-230,90,2,2,1,0.0,0.6,2,2,100.0,16,3,12.5,32.4,3,0.0,22.0,2,0,0.0,0,,65d62814,Antonio Adán,Sporting CP,True
Paços de Ferreira,Santa Clara,1640883600,pt POR,25-215,90,4,1,3,75.0,1.2,3,11,27.3,27,7,25.9,32.1,5,80.0,47.4,9,0,0.0,1,30.5,12c6cbef,André Ferreira,Paços de Ferreira,True
Arouca,Braga,1640890800,br BRA,29-316,90,8,6,2,37.5,4.5,8,17,47.1,30,2,46.7,35.7,4,75.0,49.5,7,0,0.0,6,24.0,871b35e7,Victor Braga,Arouca,True
Porto,Benfica,1640898000,pt POR,22-102,90,4,1,3,75.0,1.7,1,9,11.1,27,4,25.9,32.1,7,28.6,36.1,11,1,9.1,1,11.5,93fffbcf,Diogo Costa,Porto,True
Vizela,Belenenses SAD,1641148200,pt POR,24-323,90,7,0,7,100.0,2.0,4,12,33.3,17,7,41.2,35.5,7,71.4,51.0,25,0,0.0,0,7.0,f829f728,Pedro José Moreira Silva,Vizela,True
Tondela,Moreirense,1641240900,pt POR,33-364,90,5,1,4,80.0,1.6,6,14,42.9,27,5,40.7,34.7,5,60.0,38.6,9,0,0.0,2,15.5,00d19548,Pedro Trigueira,Tondela,True
Santa Clara,Sporting CP,1641580200,pt POR,34-360,90,5,2,3,60.0,1.1,5,23,21.7,22,0,68.2,48.4,13,61.5,48.7,21,2,9.5,0,6.5,5cd73451,Marco André Rocha Pereira,Santa Clara,True
Vizela,Moreirense,1641655800,pt POR,24-329,90,4,1,3,75.0,1.1,3,8,37.5,11,2,27.3,31.6,6,83.3,47.3,11,2,18.2,0,5.8,f829f728,Pedro José Moreira Silva,Vizela,True
Estoril,Porto,1641664800,br BRA,25-210,90,10,3,7,70.0,2.7,9,26,34.6,40,10,47.5,38.1,10,70.0,48.0,15,0,0.0,0,8.0,c9c55581,Mosquito,Estoril,True
Boavista,Tondela,1641673800,br BRA,40-248,90,2,1,1,50.0,0.6,4,5,80.0,23,5,21.7,30.4,4,0.0,23.3,9,2,22.2,5,20.4,5f7d2dfe,Rafael Bracalli,Boavista,True
Portimonense,Marítimo,1641742200,br BRA,27-286,90,8,2,6,75.0,2.4,5,11,45.5,28,7,14.3,21.6,8,87.5,54.6,7,0,0.0,2,14.7,554067e3,Samuel Portugal,Portimonense,True
Benfica,Paços de Ferreira,1641751200,br BRA,31-068,90,1,0,1,100.0,0.2,0,0,,9,1,0.0,20.2,4,0.0,29.8,9,0,0.0,2,15.7,e8918589,Helton Leite,Benfica,True
Braga,Famalicão,1641751200,br BRA,29-174,90,6,2,4,66.7,1.3,3,9,33.3,47,5,17.0,24.5,7,14.3,26.7,9,0,0.0,4,20.1,ef3909cd,Matheus,Braga,True
Belenenses SAD,Arouca,1641760200,br BRA,24-260,90,2,1,1,50.0,0.9,1,7,14.3,16,2,25.0,28.0,8,37.5,37.6,9,1,11.1,1,13.0,185084a1,Luiz Felipe,Belenenses SAD,True
Gil Vicente FC,Vitória Guimarães,1641845700,si SVN,23-338,90,4,2,2,75.0,1.9,7,13,53.8,25,5,44.0,39.6,5,40.0,34.8,7,2,28.6,0,7.0,58bef7b2,Žiga Frelih,Gil Vicente FC,True
Famalicão,Belenenses SAD,1642096800,br BRA,20-364,90,4,0,4,100.0,0.7,7,16,43.8,25,4,44.0,37.9,8,62.5,49.8,12,0,0.0,0,9.0,d0530e29,Luiz Lúcio Reis Júnior,Famalicão,True
Boavista,Gil Vicente FC,1642260600,br BRA,40-255,90,2,1,1,50.0,0.8,4,18,22.2,20,6,60.0,42.5,6,100.0,64.2,13,0,0.0,3,23.8,5f7d2dfe,Rafael Bracalli,Boavista,True
Braga,Marítimo,1642269600,br BRA,29-180,90,3,1,2,66.7,0.9,1,3,33.3,23,3,13.0,23.7,6,0.0,21.8,11,0,0.0,1,24.0,ef3909cd,Matheus,Braga,True
Benfica,Moreirense,1642269600,gr GRE,27-264,90,2,1,2,50.0,0.3,2,4,50.0,26,8,15.4,22.9,5,0.0,19.4,4,0,0.0,2,22.0,03df04ff,Odisseas Vlachodimos,Benfica,True
Santa Clara,Tondela,1642347000,pt POR,35-004,90,7,2,5,71.4,1.7,13,22,59.1,29,2,72.4,47.9,6,16.7,23.5,14,0,0.0,1,27.0,5cd73451,Marco André Rocha Pereira,Santa Clara,True
Vizela,Sporting CP,1642356000,pt POR,24-337,90,6,2,4,66.7,1.8,2,7,28.6,19,7,26.3,32.7,9,22.2,36.8,17,1,5.9,2,15.0,f829f728,Pedro José Moreira Silva,Vizela,True
Famalicão,Paços de Ferreira,1642357800,br BRA,21-002,90,3,0,3,100.0,0.8,1,9,11.1,20,7,30.0,31.4,4,75.0,49.3,18,3,16.7,1,6.8,d0530e29,Luiz Lúcio Reis Júnior,Famalicão,True
Belenenses SAD,Porto,1642365000,br BRA,24-267,90,9,4,4,55.6,4.3,5,22,22.7,29,8,51.7,39.4,10,70.0,51.2,10,0,0.0,1,18.7,185084a1,Luiz Felipe,Belenenses SAD,True
Portimonense,Vitória Guimarães,1642450500,br BRA,27-294,90,6,1,5,83.3,1.4,4,11,36.4,35,1,22.9,28.4,10,30.0,32.0,7,0,0.0,0,12.0,554067e3,Samuel Portugal,Portimonense,True
Arouca,Benfica,1642791600,br BRA,29-338,90,5,2,3,80.0,2.7,4,14,28.6,30,6,33.3,36.1,5,80.0,51.2,11,2,18.2,0,4.5,871b35e7,Victor Braga,Arouca,True
Paços de Ferreira,Boavista,1642799700,br BRA,20-268,90,9,1,8,88.9,2.1,9,22,40.9,31,1,51.6,43.4,10,60.0,43.5,11,1,9.1,0,11.5,a8f0414f,Jeimes,Paços de Ferreira,True
Moreirense,Santa Clara,1642865400,br BRA,26-089,90,3,2,1,33.3,0.9,4,13,30.8,32,5,21.9,29.9,7,85.7,57.9,9,1,11.1,4,18.6,aea1afc8,Kewin,Moreirense,True
Tondela,Vizela,1642874400,pt POR,34-018,90,8,3,5,62.5,2.7,8,19,42.1,33,7,39.4,35.4,11,54.5,38.5,22,1,4.5,1,14.0,00d19548,Pedro Trigueira,Tondela,True
Sporting CP,Braga,1642883400,es ESP,34-254,90,3,2,1,66.7,1.4,3,7,42.9,28,3,25.0,24.9,6,0.0,19.8,5,1,20.0,0,5.3,65d62814,Antonio Adán,Sporting CP,True
Vitória Guimarães,Estoril,1642951800,cz CZE,23-113,90,3,1,2,66.7,0.8,6,13,46.2,20,3,40.0,33.5,6,83.3,54.2,11,1,9.1,4,19.4,393f7c58,Matouš Trmal,Vitória Guimarães,True
Marítimo,Belenenses SAD,1642951800,br BRA,35-011,90,9,1,8,100.0,2.4,2,8,25.0,27,5,25.9,32.4,5,20.0,27.4,8,0,0.0,3,20.2,68a3e731,Paulo Victor Vidotti,Marítimo,True
Gil Vicente FC,Portimonense,1642960800,si SVN,23-351,90,1,0,1,100.0,0.4,1,1,100.0,15,3,6.7,24.8,1,0.0,21.0,5,1,20.0,2,18.3,58bef7b2,Žiga Frelih,Gil Vicente FC,True
Porto,Famalicão,1642969800,pt POR,22-126,90,1,1,0,0.0,1.0,5,12,41.7,31,2,32.3,33.3,3,66.7,48.0,9,1,11.1,2,19.3,93fffbcf,Diogo Costa,Porto,True
Estoril,Arouca,1643314500,br BRA,25-229,90,5,2,3,60.0,2.2,9,18,50.0,45,5,24.4,29.1,7,100.0,63.6,28,1,3.6,0,9.8,c9c55581,Mosquito,Estoril,True
Portimonense,Tondela,1643556600,jp JPN,26-337,90,4,2,2,50.0,1.9,6,16,37.5,25,3,44.0,41.3,9,55.6,47.0,15,1,6.7,0,6.3,423daf87,Kosuke Nakamura,Portimonense,True
Vizela,Vitória Guimarães,1643556600,pt POR,24-351,90,4,2,2,50.0,1.1,5,17,29.4,19,6,47.4,37.7,9,88.9,59.0,23,0,0.0,1,7.8,f829f728,Pedro José Moreira Silva,Vizela,True
Braga,Moreirense,1643565600,br BRA,29-195,90,1,0,1,100.0,0.2,3,17,17.6,29,4,34.5,33.6,14,50.0,40.9,12,0,0.0,0,8.0,ef3909cd,Matheus,Braga,True
Porto,Marítimo,1643574600,pt POR,22-133,90,3,1,2,66.7,1.0,5,12,41.7,39,3,28.2,32.0,6,16.7,32.2,9,0,0.0,0,6.0,93fffbcf,Diogo Costa,Porto,True
Estoril,Paços de Ferreira,1643655600,pt POR,23-195,90,4,0,4,100.0,0.5,10,17,58.8,28,5,35.7,33.5,10,70.0,52.1,13,1,7.7,1,13.2,f7c68686,Daniel Leite,Estoril,True
Famalicão,Arouca,1643663700,br BRA,21-017,90,2,0,2,100.0,0.4,5,12,41.7,20,2,50.0,39.5,4,50.0,56.8,10,0,0.0,4,25.0,d0530e29,Luiz Lúcio Reis Júnior,Famalicão,True
Santa Clara,Boavista,1643746500,pt POR,35-020,90,5,1,4,80.0,1.6,11,24,45.8,32,0,62.5,43.0,8,50.0,42.3,11,0,0.0,0,19.0,5cd73451,Marco André Rocha Pereira,Santa Clara,True
Benfica,Gil Vicente FC,1643828400,gr GRE,27-282,90,6,2,4,66.7,1.4,1,2,50.0,14,5,7.1,22.4,7,14.3,23.6,7,0,0.0,1,11.7,03df04ff,Odisseas Vlachodimos,Benfica,True
Belenenses SAD,Sporting CP,1643834700,pt POR,23-013,90,6,4,2,33.3,2.3,8,18,44.4,29,6,44.8,38.1,9,55.6,44.9,19,0,0.0,3,18.2,0fc0cee3,Álvaro Ramalho,Belenenses SAD,True
Marítimo,Estoril,1644075000,br BRA,35-024,90,0,0,0,,0.0,3,10,30.0,25,4,32.0,31.2,7,28.6,35.1,7,1,14.3,5,25.3,68a3e731,Paulo Victor Vidotti,Marítimo,True
Paços de Ferreira,Portimonense,1644084000,pt POR,25-252,90,8,1,6,87.5,2.6,4,10,40.0,21,2,38.1,34.8,6,33.3,33.2,12,1,8.3,1,14.3,12c6cbef,André Ferreira,Paços de Ferreira,True
Vitória Guimarães,Braga,1644093000,pt POR,27-093,90,4,1,3,75.0,1.0,12,29,41.4,27,2,74.1,50.9,9,100.0,65.3,14,1,7.1,2,16.6,2bea06e0,Bruno Varela,Vitória Guimarães,True
Boavista,Vizela,1644161400,br BRA,40-277,90,4,2,2,50.0,1.0,9,28,32.1,21,3,85.7,50.3,11,90.9,62.6,19,1,5.3,2,23.3,5f7d2dfe,Rafael Bracalli,Boavista,True
Gil Vicente FC,Santa Clara,1644161400,br BRA,20-220,90,3,2,2,33.3,1.7,1,9,11.1,17,8,23.5,27.4,10,50.0,41.2,24,3,12.5,0,3.3,40406a00,Andrew,Gil Vicente FC,True
Arouca,Porto,1644170400,br BRA,29-354,90,4,2,2,50.0,1.8,8,14,57.1,24,7,29.2,32.5,13,53.8,43.7,6,1,16.7,4,23.6,871b35e7,Victor Braga,Arouca,True
Sporting CP,Famalicão,1644179400,es ESP,34-269,90,5,0,4,100.0,2.1,2,14,14.3,35,3,31.4,32.5,5,60.0,37.6,11,1,9.1,0,9.0,65d62814,Antonio Adán,Sporting CP,True
Tondela,Benfica,1644260400,pt POR,34-034,90,8,3,5,62.5,2.6,12,21,57.1,26,3,50.0,42.7,12,66.7,50.6,18,1,5.6,0,9.8,00d19548,Pedro Trigueira,Tondela,True
Moreirense,Belenenses SAD,1644268500,br BRA,29-224,90,1,1,0,0.0,0.4,5,8,62.5,18,0,27.8,30.4,4,75.0,47.3,6,0,0.0,0,5.0,f16f9b47,Mateus Pasinato,Moreirense,True
Porto,Sporting CP,1644610500,pt POR,22-145,90,3,2,1,33.3,2.1,1,5,20.0,25,2,20.0,27.6,3,0.0,20.7,6,1,16.7,3,24.6,93fffbcf,Diogo Costa,Porto,True
Braga,Paços de Ferreira,1644679800,br BRA,29-208,90,3,1,2,66.7,1.1,3,9,33.3,34,3,26.5,30.4,2,0.0,36.0,15,1,6.7,0,6.2,ef3909cd,Matheus,Braga,True
Portimonense,Boavista,1644688800,br BRA,27-320,90,3,1,2,66.7,0.8,9,18,50.0,25,4,40.0,35.3,11,72.7,53.1,16,0,0.0,0,5.3,554067e3,Samuel Portugal,Portimonense,True
Benfica,Santa Clara,1644688800,gr GRE,27-292,90,4,1,3,75.0,0.9,2,6,33.3,31,9,16.1,29.1,2,50.0,34.0,8,2,25.0,0,7.0,03df04ff,Odisseas Vlachodimos,Benfica,True
Estoril,Tondela,1644697800,pt POR,23-207,90,3,0,3,100.0,0.3,4,7,57.1,19,5,21.1,28.4,8,37.5,34.6,16,0,0.0,0,,f7c68686,Daniel Leite,Estoril,True
Famalicão,Moreirense,1644766200,br BRA,21-030,90,3,0,3,100.0,0.1,7,17,41.2,36,9,36.1,36.2,7,57.1,45.9,17,1,5.9,0,5.3,d0530e29,Luiz Lúcio Reis Júnior,Famalicão,True
Belenenses SAD,Vitória Guimarães,1644775200,br BRA,24-295,90,1,0,1,100.0,0.1,6,17,35.3,16,2,43.8,37.9,11,90.9,59.5,22,2,9.1,0,8.0,185084a1,Luiz Felipe,Belenenses SAD,True
Vizela,Gil Vicente FC,1644784200,pt POR,25-000,90,3,1,2,100.0,1.2,2,7,28.6,13,5,15.4,28.8,9,55.6,43.9,7,0,0.0,2,21.0,f829f728,Pedro José Moreira Silva,Vizela,True
Arouca,Marítimo,1644869700,br BRA,29-362,90,6,3,2,50.0,2.7,1,3,33.3,12,3,16.7,26.1,5,20.0,27.0,5,0,0.0,5,26.2,871b35e7,Victor Braga,Arouca,True
Boavista,Benfica,1645215300,br BRA,40-289,90,3,2,1,33.3,1.1,3,8,37.5,20,3,30.0,34.5,4,50.0,43.0,7,1,14.3,2,15.0,5f7d2dfe,Rafael Bracalli,Boavista,True
Gil Vicente FC,Belenenses SAD,1645284600,br BRA,20-233,90,1,0,1,100.0,0.0,2,4,50.0,21,4,9.5,27.7,4,50.0,40.3,13,1,7.7,2,15.9,40406a00,Andrew,Gil Vicente FC,True
Paços de Ferreira,Vizela,1645293600,pt POR,25-266,90,2,1,1,50.0,0.3,5,9,55.6,14,1,21.4,31.7,10,60.0,42.0,9,1,11.1,0,7.3,12c6cbef,André Ferreira,Paços de Ferreira,True
Vitória Guimarães,Arouca,1645302600,pt POR,27-107,90,7,3,4,57.1,2.7,4,9,44.4,16,6,31.3,30.8,7,57.1,49.0,11,0,0.0,1,27.0,2bea06e0,Bruno Varela,Vitória Guimarães,True
Marítimo,Famalicão,1645371000,br BRA,35-039,90,8,1,7,87.5,3.2,5,14,35.7,26,4,42.3,35.3,11,27.3,35.1,13,0,0.0,1,21.7,68a3e731,Paulo Victor Vidotti,Marítimo,True
Sporting CP,Estoril,1645380000,es ESP,34-283,90,0,0,0,,0.0,1,1,100.0,23,3,0.0,22.4,7,14.3,24.7,5,0,0.0,0,13.0,65d62814,Antonio Adán,Sporting CP,True
Moreirense,Porto,1645387200,br BRA,29-237,90,5,1,4,80.0,2.8,13,20,65.0,20,2,55.0,43.0,9,100.0,63.1,19,0,0.0,0,10.5,f16f9b47,Mateus Pasinato,Moreirense,True
Tondela,Braga,1645389900,pt POR,34-047,90,2,1,1,50.0,1.0,8,24,33.3,33,2,63.6,44.5,8,37.5,35.9,12,0,0.0,3,29.0,00d19548,Pedro Trigueira,Tondela,True
Santa Clara,Portimonense,1645474500,pt POR,35-040,90,7,1,6,85.7,1.5,5,23,21.7,38,7,50.0,40.5,8,50.0,46.1,10,1,10.0,0,10.3,5cd73451,Marco André Rocha Pereira,Santa Clara,True
Belenenses SAD,Paços de Ferreira,1645820100,br BRA,24-307,90,7,2,5,85.7,2.3,3,10,30.0,20,5,20.0,31.0,8,75.0,53.6,10,1,10.0,0,7.8,185084a1,Luiz Felipe,Belenenses SAD,True
Famalicão,Tondela,1645889400,br BRA,21-043,90,3,1,2,66.7,0.4,5,7,71.4,14,5,35.7,34.4,4,50.0,43.5,17,1,5.9,1,11.5,d0530e29,Luiz Lúcio Reis Júnior,Famalicão,True
Marítimo,Sporting CP,1645898400,br BRA,35-045,90,4,1,3,75.0,0.9,12,24,50.0,33,9,51.5,43.2,10,70.0,47.4,24,3,12.5,0,11.6,68a3e731,Paulo Victor Vidotti,Marítimo,True
Arouca,Moreirense,1645907400,br BRA,30-009,90,3,1,1,66.7,2.3,4,8,50.0,19,4,26.3,24.9,5,60.0,39.4,6,0,0.0,0,1.0,871b35e7,Victor Braga,Arouca,True
Vizela,Portimonense,1645975800,pt POR,25-014,90,1,1,0,0.0,0.3,3,8,37.5,17,5,35.3,34.5,9,22.2,31.9,14,1,7.1,2,31.7,f829f728,Pedro José Moreira Silva,Vizela,True
Benfica,Vitória Guimarães,1645984800,gr GRE,27-307,90,7,0,7,100.0,1.4,0,4,0.0,28,4,7.1,24.0,8,25.0,34.4,19,0,0.0,0,13.7,03df04ff,Odisseas Vlachodimos,Benfica,True
Estoril,Boavista,1645984800,pt POR,23-222,90,4,3,1,25.0,1.1,5,7,71.4,28,4,17.9,26.3,8,25.0,29.1,9,0,0.0,0,8.7,f7c68686,Daniel Leite,Estoril,True
Porto,Gil Vicente FC,1645993800,pt POR,22-161,90,1,1,0,0.0,0.9,1,1,100.0,10,4,0.0,19.3,5,20.0,26.0,3,0,0.0,3,30.0,93fffbcf,Diogo Costa,Porto,True
Braga,Santa Clara,1646079300,br BRA,29-224,90,1,0,1,100.0,0.2,6,13,46.2,26,5,34.6,32.4,9,44.4,35.6,16,0,0.0,0,10.0,ef3909cd,Matheus,Braga,True
Gil Vicente FC,Estoril,1646424900,br BRA,20-246,90,1,0,1,100.0,0.2,1,3,33.3,18,1,11.1,25.3,8,12.5,21.9,11,1,9.1,1,16.0,40406a00,Andrew,Gil Vicente FC,True
Boavista,Braga,1646494200,br BRA,40-304,90,3,1,2,100.0,2.8,4,15,26.7,28,5,42.9,38.5,8,37.5,40.5,7,2,28.6,1,17.2,5f7d2dfe,Rafael Bracalli,Boavista,True
Portimonense,Benfica,1646503200,br BRA,27-341,90,4,2,2,50.0,1.4,9,16,56.3,37,6,37.8,35.5,8,25.0,36.6,18,1,5.6,3,23.7,554067e3,Samuel Portugal,Portimonense,True
Sporting CP,Arouca,1646512200,es ESP,34-296,90,2,0,2,100.0,0.5,6,8,75.0,31,3,25.8,28.0,2,0.0,20.5,10,1,10.0,0,11.0,65d62814,Antonio Adán,Sporting CP,True
Moreirense,Marítimo,1646580600,br BRA,29-251,90,2,1,1,50.0,1.1,5,13,38.5,20,3,40.0,33.0,9,55.6,45.1,12,1,8.3,0,12.5,f16f9b47,Mateus Pasinato,Moreirense,True
Paços de Ferreira,Porto,1646589600,pt POR,25-281,90,9,4,5,55.6,4.8,2,4,50.0,17,5,17.6,25.5,6,16.7,24.8,11,0,0.0,0,8.0,12c6cbef,André Ferreira,Paços de Ferreira,True
Santa Clara,Vizela,1646598600,pt POR,35-053,90,2,1,1,50.0,0.7,8,27,29.6,33,0,66.7,47.1,7,71.4,49.6,8,0,0.0,0,,5cd73451,Marco André Rocha Pereira,Santa Clara,True
Vitória Guimarães,Famalicão,1646598600,pt POR,27-122,90,4,1,3,75.0,0.8,6,12,50.0,24,4,33.3,35.9,4,100.0,61.0,6,0,0.0,0,12.0,2bea06e0,Bruno Varela,Vitória Guimarães,True
Tondela,Belenenses SAD,1646684100,pt POR,34-062,90,3,1,2,66.7,1.6,7,14,50.0,19,6,42.1,38.5,8,75.0,50.5,18,1,5.6,0,8.0,00d19548,Pedro Trigueira,Tondela,True
Benfica,Vizela,1647029700,gr GRE,27-319,90,4,1,3,75.0,1.3,4,6,66.7,27,6,18.5,27.8,6,16.7,22.5,22,1,4.5,2,14.3,03df04ff,Odisseas Vlachodimos,Benfica,True
Estoril,Portimonense,1647099000,pt POR,23-235,90,3,0,3,100.0,0.3,1,11,9.1,29,7,31.0,33.0,9,22.2,25.1,18,4,22.2,2,15.2,f7c68686,Daniel Leite,Estoril,True
Famalicão,Santa Clara,1647099000,br BRA,21-057,90,4,0,4,100.0,0.7,7,16,43.8,22,6,50.0,37.7,7,71.4,57.0,14,1,7.1,0,10.0,d0530e29,Luiz Lúcio Reis Júnior,Famalicão,True
Arouca,Paços de Ferreira,1647108000,br BRA,30-023,90,4,1,3,75.0,1.0,4,7,57.1,22,5,22.7,27.2,4,50.0,46.3,14,0,0.0,4,23.5,871b35e7,Victor Braga,Arouca,True
Belenenses SAD,Boavista,1647117000,br BRA,24-322,90,1,0,1,100.0,0.7,2,22,9.1,34,1,47.1,37.6,12,50.0,42.4,14,1,7.1,0,7.6,185084a1,Luiz Felipe,Belenenses SAD,True
Marítimo,Vitória Guimarães,1647185400,br BRA,35-060,90,5,1,4,80.0,0.8,5,13,38.5,31,5,29.0,34.2,13,30.8,35.8,11,0,0.0,1,12.0,68a3e731,Paulo Victor Vidotti,Marítimo,True
Porto,Tondela,1647194400,pt POR,22-175,90,1,0,1,100.0,0.1,1,8,12.5,29,3,24.1,33.1,7,14.3,19.4,12,0,0.0,1,21.7,93fffbcf,Diogo Costa,Porto,True
Braga,Gil Vicente FC,1647203400,br BRA,29-237,90,2,1,1,50.0,0.7,5,11,45.5,23,4,34.8,32.8,8,37.5,33.8,2,0,0.0,1,24.0,ef3909cd,Matheus,Braga,True
Moreirense,Sporting CP,1647288900,br BRA,29-259,90,4,2,2,50.0,2.3,11,23,47.8,19,1,73.7,51.6,9,100.0,66.1,19,0,0.0,0,10.6,f16f9b47,Mateus Pasinato,Moreirense,True
Vizela,Famalicão,1647634500,pt POR,25-033,90,4,1,3,75.0,1.3,5,9,55.6,20,6,25.0,31.6,9,44.4,40.6,7,0,0.0,1,21.5,f829f728,Pedro José Moreira Silva,Vizela,True
Tondela,Arouca,1647703800,pt POR,34-074,90,4,2,2,50.0,0.6,4,15,26.7,31,12,35.5,35.9,5,80.0,58.0,17,5,29.4,1,13.4,00d19548,Pedro Trigueira,Tondela,True
Santa Clara,Belenenses SAD,1647712800,pt POR,35-066,90,1,0,1,100.0,0.0,6,12,50.0,34,5,29.4,31.0,10,20.0,26.3,17,2,11.8,0,4.0,5cd73451,Marco André Rocha Pereira,Santa Clara,True
Vitória Guimarães,Sporting CP,1647721800,pt POR,27-135,90,6,3,3,66.7,3.7,4,11,36.4,20,4,45.0,43.8,6,33.3,37.5,12,0,0.0,2,16.4,2bea06e0,Bruno Varela,Vitória Guimarães,True
Paços de Ferreira,Moreirense,1647790200,pt POR,25-295,90,5,1,4,80.0,1.5,5,19,26.3,20,3,40.0,38.8,12,91.7,55.6,9,1,11.1,0,11.8,12c6cbef,André Ferreira,Paços de Ferreira,True
Gil Vicente FC,Marítimo,1647790200,si SVN,24-042,90,3,1,2,66.7,0.8,8,11,72.7,28,9,32.1,35.9,6,33.3,40.8,12,2,16.7,0,7.5,58bef7b2,Žiga Frelih,Gil Vicente FC,True
Benfica,Estoril,1647799200,gr GRE,27-328,90,2,1,1,50.0,0.9,0,8,0.0,30,2,23.3,30.4,8,12.5,29.6,9,0,0.0,1,26.0,03df04ff,Odisseas Vlachodimos,Benfica,True
Portimonense,Braga,1647806400,br BRA,27-356,90,6,2,4,66.7,1.4,9,18,50.0,42,1,31.0,33.1,12,41.7,33.2,14,0,0.0,2,14.8,554067e3,Samuel Portugal,Portimonense,True
Boavista,Porto,1647809100,br BRA,40-319,90,4,1,2,75.0,2.0,4,13,30.8,22,6,40.9,36.9,7,57.1,41.3,10,2,20.0,1,13.2,5f7d2dfe,Rafael Bracalli,Boavista,True
Braga,Benfica,1648840500,br BRA,29-256,90,4,2,2,75.0,2.4,2,16,12.5,32,5,37.5,35.6,8,50.0,41.8,23,1,4.3,1,9.0,ef3909cd,Matheus,Braga,True
Belenenses SAD,Portimonense,1648909800,br BRA,24-343,90,4,0,4,100.0,1.7,7,23,30.4,30,7,50.0,39.4,12,66.7,55.5,16,2,12.5,1,12.3,185084a1,Luiz Felipe,Belenenses SAD,True
Estoril,Vizela,1648918800,pt POR,23-256,90,4,2,2,50.0,1.4,2,3,66.7,37,8,8.1,21.2,3,0.0,22.3,5,0,0.0,1,25.0,f7c68686,Daniel Leite,Estoril,True
Arouca,Gil Vicente FC,1648918800,br BRA,30-044,90,5,1,4,80.0,1.7,10,30,33.3,31,4,71.0,44.9,9,88.9,61.6,26,3,11.5,2,15.3,871b35e7,Victor Braga,Arouca,True
Famalicão,Boavista,1648927800,br BRA,21-078,90,3,2,1,66.7,1.1,2,6,33.3,16,1,25.0,29.9,4,50.0,50.8,3,1,33.3,2,22.0,d0530e29,Luiz Lúcio Reis Júnior,Famalicão,True
Marítimo,Tondela,1648996200,br BRA,35-081,90,6,3,3,66.7,2.7,2,4,50.0,17,6,11.8,26.5,6,33.3,44.5,10,1,10.0,0,14.8,68a3e731,Paulo Victor Vidotti,Marítimo,True
Moreirense,Vitória Guimarães,1649005200,br BRA,29-279,90,4,1,3,75.0,1.5,8,18,44.4,22,3,50.0,40.5,7,100.0,74.3,12,1,8.3,2,15.8,f16f9b47,Mateus Pasinato,Moreirense,True
Sporting CP,Paços de Ferreira,1649014200,es ESP,34-325,90,0,0,0,,0.0,1,8,12.5,33,2,24.2,27.7,2,0.0,14.5,6,0,0.0,2,17.3,65d62814,Antonio Adán,Sporting CP,True
Porto,Santa Clara,1649099700,pt POR,22-197,90,1,0,1,100.0,0.2,2,10,20.0,47,6,19.1,30.7,3,33.3,31.3,9,1,11.1,0,8.5,93fffbcf,Diogo Costa,Porto,True
Gil Vicente FC,Moreirense,1649445300,si SVN,24-061,90,7,2,5,71.4,1.2,1,4,25.0,19,4,10.5,27.6,5,40.0,49.4,13,0,0.0,2,32.5,58bef7b2,Žiga Frelih,Gil Vicente FC,True
Paços de Ferreira,Marítimo,1649514600,pt POR,25-315,90,3,0,3,100.0,0.8,6,24,25.0,32,5,53.1,42.5,11,63.6,45.0,12,1,8.3,0,5.0,12c6cbef,André Ferreira,Paços de Ferreira,True
Benfica,Belenenses SAD,1649523600,gr GRE,27-348,90,2,1,1,50.0,1.1,0,2,0.0,26,1,7.7,25.0,5,0.0,17.4,10,0,0.0,1,13.7,03df04ff,Odisseas Vlachodimos,Benfica,True
Boavista,Arouca,1649523600,br BRA,40-339,90,1,0,1,100.0,0.1,9,18,50.0,21,7,42.9,36.7,11,81.8,53.5,12,2,16.7,2,15.6,5f7d2dfe,Rafael Bracalli,Boavista,True
Tondela,Sporting CP,1649532600,pt POR,34-095,90,9,3,6,77.8,3.3,3,15,20.0,21,5,47.6,39.8,10,50.0,39.7,17,0,0.0,1,17.0,00d19548,Pedro Trigueira,Tondela,True
Santa Clara,Estoril,1649601000,pt POR,35-088,90,4,0,4,100.0,0.6,10,26,38.5,34,4,61.8,41.9,9,55.6,46.2,16,0,0.0,0,6.0,5cd73451,Marco André Rocha Pereira,Santa Clara,True
Portimonense,Famalicão,1649601000,br BRA,28-012,90,2,0,2,100.0,0.9,12,28,42.9,45,4,46.7,38.8,7,100.0,65.7,14,2,14.3,0,10.0,554067e3,Samuel Portugal,Portimonense,True
Vitória Guimarães,Porto,1649610000,pt POR,27-157,90,4,1,2,100.0,2.2,8,16,50.0,23,4,43.5,34.8,10,60.0,46.7,6,0,0.0,0,8.7,2bea06e0,Bruno Varela,Vitória Guimarães,True
Vizela,Braga,1649619000,pt POR,25-056,90,3,1,2,66.7,1.1,4,10,40.0,14,6,35.7,35.0,8,62.5,40.9,13,2,15.4,3,15.5,f829f728,Pedro José Moreira Silva,Vizela,True
Arouca,Santa Clara,1650033000,br BRA,30-057,90,2,1,1,50.0,1.0,5,22,22.7,23,2,60.9,42.5,9,88.9,57.0,14,0,0.0,2,13.4,871b35e7,Victor Braga,Arouca,True
Famalicão,Gil Vicente FC,1650042000,br BRA,21-091,90,5,2,3,80.0,2.1,9,17,52.9,15,2,73.3,56.8,6,100.0,66.3,16,1,6.3,5,16.6,d0530e29,Luiz Lúcio Reis Júnior,Famalicão,True
Vitória Guimarães,Paços de Ferreira,1650051000,pt POR,27-162,90,0,0,0,,0.0,2,7,28.6,20,4,30.0,33.1,3,33.3,33.0,9,0,0.0,0,8.0,2bea06e0,Bruno Varela,Vitória Guimarães,True
Moreirense,Tondela,1650119400,br BRA,29-292,90,1,0,1,100.0,0.5,4,19,21.1,19,1,73.7,48.0,6,83.3,64.7,11,0,0.0,4,19.0,f16f9b47,Mateus Pasinato,Moreirense,True
Marítimo,Boavista,1650128400,br BRA,35-094,90,0,0,0,,0.0,3,9,33.3,29,3,27.6,32.6,6,16.7,24.2,7,0,0.0,1,16.5,68a3e731,Paulo Victor Vidotti,Marítimo,True
Belenenses SAD,Vizela,1650128400,br BRA,24-357,90,3,0,3,100.0,0.5,9,18,50.0,13,0,69.2,42.0,11,81.8,58.9,25,1,4.0,0,6.7,185084a1,Luiz Felipe,Belenenses SAD,True
Porto,Portimonense,1650137400,pt POR,22-209,90,2,0,2,100.0,0.2,2,3,66.7,23,3,13.0,28.3,1,0.0,12.0,2,1,50.0,1,20.0,93fffbcf,Diogo Costa,Porto,True
Sporting CP,Benfica,1650223800,es ESP,34-339,90,4,2,2,50.0,1.5,1,2,50.0,13,3,15.4,29.3,10,0.0,24.5,9,0,0.0,4,26.0,65d62814,Antonio Adán,Sporting CP,True
Estoril,Braga,1650310200,pt POR,23-272,90,1,0,1,100.0,0.0,6,12,50.0,37,2,16.2,28.8,15,40.0,34.7,22,0,0.0,0,11.0,f7c68686,Daniel Leite,Estoril,True
Vizela,Arouca,1650654900,pt POR,25-068,90,5,1,4,80.0,1.2,3,10,30.0,14,5,42.9,36.1,6,66.7,45.2,15,0,0.0,0,11.0,f829f728,Pedro José Moreira Silva,Vizela,True
Portimonense,Moreirense,1650724200,br BRA,28-025,90,6,0,6,100.0,0.7,9,28,32.1,30,4,63.3,44.3,9,100.0,64.2,14,0,0.0,0,9.0,554067e3,Samuel Portugal,Portimonense,True
Santa Clara,Marítimo,1650733200,pt POR,35-101,45,,,,,0.0,5,12,41.7,18,,61.1,44.0,2,50.0,48.0,5,,,,,5cd73451,Marco André Rocha Pereira,Santa Clara,True
Santa Clara,Marítimo,1650733200,pt POR,27-177,45,3,2,1,33.3,1.4,2,9,22.2,13,3,53.8,42.1,2,100.0,52.5,23,0,0.0,0,4.0,93d5feb6,Ricardo Fernandes,Santa Clara,True
Benfica,Famalicão,1650733200,gr GRE,27-362,90,0,0,0,,0.0,2,2,100.0,21,4,9.5,25.6,4,0.0,23.0,7,0,0.0,1,21.3,03df04ff,Odisseas Vlachodimos,Benfica,True
Gil Vicente FC,Paços de Ferreira,1650742200,br BRA,20-296,90,2,1,1,100.0,1.7,10,13,76.9,13,1,46.2,33.8,9,77.8,46.7,13,0,0.0,0,3.0,40406a00,Andrew,Gil Vicente FC,True
Estoril,Belenenses SAD,1650819600,pt POR,23-278,90,4,2,2,75.0,1.7,7,16,43.8,30,4,20.0,28.9,15,66.7,49.9,28,0,0.0,0,12.0,f7c68686,Daniel Leite,Estoril,True
Tondela,Vitória Guimarães,1650828600,pt POR,34-110,90,3,1,2,66.7,0.7,6,13,46.2,23,5,43.5,37.3,11,27.3,31.0,13,0,0.0,0,18.0,00d19548,Pedro Trigueira,Tondela,True
Braga,Porto,1650906000,br BRA,29-280,90,3,0,3,100.0,0.3,5,17,29.4,35,7,37.1,34.6,15,26.7,29.7,21,1,4.8,0,14.0,ef3909cd,Matheus,Braga,True
Boavista,Sporting CP,1650915000,br BRA,40-355,90,5,3,3,60.0,2.9,5,21,23.8,32,4,56.3,41.0,6,50.0,46.8,12,0,0.0,1,13.0,5f7d2dfe,Rafael Bracalli,Boavista,True
Famalicão,Estoril,1651259700,br BRA,21-105,90,3,1,2,66.7,0.6,11,16,68.8,18,6,61.1,43.4,7,71.4,42.9,15,2,13.3,1,8.5,d0530e29,Luiz Lúcio Reis Júnior,Famalicão,True
Arouca,Portimonense,1651327200,br BRA,30-072,90,4,0,4,100.0,0.6,10,21,47.6,27,5,55.6,41.0,8,75.0,51.0,13,3,23.1,0,7.3,871b35e7,Victor Braga,Arouca,True
Marítimo,Benfica,1651334400,br BRA,35-108,90,4,1,3,75.0,0.8,4,10,40.0,31,9,22.6,28.5,12,25.0,29.3,15,0,0.0,2,15.8,68a3e731,Paulo Victor Vidotti,Marítimo,True
Porto,Vizela,1651341600,pt POR,22-223,90,2,2,0,0.0,0.6,7,17,41.2,30,1,56.7,43.9,5,0.0,27.0,6,1,16.7,0,11.0,93fffbcf,Diogo Costa,Porto,True
Belenenses SAD,Braga,1651348800,br BRA,25-006,90,8,1,7,87.5,1.8,5,22,22.7,25,3,48.0,38.0,13,76.9,53.5,13,0,0.0,2,17.8,185084a1,Luiz Felipe,Belenenses SAD,True
Vitória Guimarães,Santa Clara,1651415400,pt POR,27-178,90,1,1,0,100.0,1.0,6,14,42.9,34,2,32.4,33.2,7,42.9,41.7,5,0,0.0,1,33.0,2bea06e0,Bruno Varela,Vitória Guimarães,True
Moreirense,Boavista,1651424400,br BRA,29-307,90,2,2,0,0.0,0.4,2,9,22.2,26,5,19.2,26.6,5,80.0,50.0,7,1,14.3,1,18.0,f16f9b47,Mateus Pasinato,Moreirense,True
Sporting CP,Gil Vicente FC,1651433400,es ESP,34-353,90,1,1,0,0.0,0.6,4,6,66.7,24,1,25.0,29.4,5,0.0,14.4,3,0,0.0,0,10.0,65d62814,Antonio Adán,Sporting CP,True
Paços de Ferreira,Tondela,1651518900,pt POR,25-338,90,3,1,2,66.7,1.3,4,4,100.0,16,3,6.3,24.6,7,42.9,45.9,5,0,0.0,1,14.5,12c6cbef,André Ferreira,Paços de Ferreira,True
Boavista,Vitória Guimarães,1651864500,br BRA,41-001,90,5,1,4,80.0,0.9,5,17,29.4,31,7,48.4,36.3,7,28.6,26.9,9,1,11.1,4,20.0,5f7d2dfe,Rafael Bracalli,Boavista,True
Estoril,Moreirense,1651933800,br BRA,25-329,90,5,0,5,100.0,0.2,14,21,66.7,23,4,47.8,38.3,12,83.3,57.8,24,1,4.2,0,8.3,c9c55581,Mosquito,Estoril,True
Benfica,Porto,1651942800,gr GRE,28-011,90,5,1,4,80.0,2.4,3,8,37.5,35,9,20.0,28.3,9,11.1,25.7,9,0,0.0,0,15.0,03df04ff,Odisseas Vlachodimos,Benfica,True
Portimonense,Sporting CP,1651951800,br BRA,28-039,90,8,3,5,62.5,3.0,8,31,25.8,22,1,68.2,49.9,22,72.7,49.0,18,0,0.0,0,7.0,554067e3,Samuel Portugal,Portimonense,True
Vizela,Marítimo,1652020200,pt POR,25-084,90,3,1,2,66.7,1.0,2,8,25.0,15,5,40.0,33.1,6,33.3,28.8,16,1,6.3,0,5.8,f829f728,Pedro José Moreira Silva,Vizela,True
Gil Vicente FC,Tondela,1652020200,br BRA,20-311,90,3,0,3,100.0,0.5,2,3,66.7,16,5,12.5,24.4,4,25.0,27.0,5,3,60.0,1,12.3,40406a00,Andrew,Gil Vicente FC,True
Braga,Arouca,1652029200,br BRA,29-293,90,4,0,4,100.0,0.4,5,8,62.5,23,6,21.7,27.3,11,27.3,27.7,16,0,0.0,2,19.0,ef3909cd,Matheus,Braga,True
Santa Clara,Paços de Ferreira,1652038200,pt POR,27-192,84,,,,,0.0,2,4,50.0,15,2,20.0,23.5,5,20.0,28.0,2,,,,8.0,93d5feb6,Ricardo Fernandes,Santa Clara,True
Santa Clara,Paços de Ferreira,1652038200,pt POR,24-207,6,0,0,0,,0.0,0,0,,1,0,0.0,17.0,0,,,0,0,,0,,f5cc8631,Rodolfo Furtado,Santa Clara,True
Belenenses SAD,Famalicão,1652123700,br BRA,25-015,90,4,3,1,25.0,2.8,6,17,35.3,32,5,40.6,35.5,6,66.7,45.2,10,2,20.0,2,13.9,185084a1,Luiz Felipe,Belenenses SAD,True
Paços de Ferreira,Benfica,1652469300,pt POR,25-349,90,8,2,6,75.0,2.3,0,0,,25,6,0.0,21.6,5,0.0,17.2,9,1,11.1,2,21.3,12c6cbef,André Ferreira,Paços de Ferreira,True
Arouca,Belenenses SAD,1652538600,lt LTU,31-308,90,3,0,3,100.0,0.8,5,14,35.7,43,15,25.6,31.0,7,42.9,39.9,13,1,7.7,0,11.0,5635834c,Emilijus Zubas,Arouca,True
Moreirense,Vizela,1652538600,br BRA,26-201,90,2,1,1,50.0,0.6,5,15,33.3,25,3,44.0,33.2,4,100.0,59.5,11,0,0.0,2,15.0,aea1afc8,Kewin,Moreirense,True
Tondela,Boavista,1652538600,pt POR,34-130,90,5,2,3,60.0,1.6,5,22,22.7,33,5,60.6,45.0,6,33.3,34.5,11,0,0.0,1,15.0,00d19548,Pedro Trigueira,Tondela,True
Porto,Estoril,1652547600,pt POR,30-179,88,1,,1,,0.9,5,11,45.5,31,5,32.3,33.1,4,25.0,34.8,11,1,9.1,1,14.0,23505094,Cláudio Ramos,Porto,True
Porto,Estoril,1652547600,pt POR,20-360,2,0,0,0,,0.0,0,0,,3,0,0.0,18.3,0,,,0,0,,0,,a671ae50,Francisco Meixedo,Porto,True
Marítimo,Portimonense,1652547600,pt POR,27-037,90,4,1,3,75.0,1.5,3,6,50.0,27,9,18.5,30.0,11,9.1,33.5,6,0,0.0,2,21.3,1c98558c,João Miguel Macedo Silva,Marítimo,True
Sporting CP,Santa Clara,1652556600,pt POR,22-216,78,1,,1,,0.0,,3,,22,7,,24.2,2,,20.0,11,1,9.1,,10.7,728e9b2e,João Virgínia,Sporting CP,True
Sporting CP,Santa Clara,1652556600,pt POR,25-147,12,0,0,0,,0.0,0,1,0.0,6,0,0.0,22.0,1,100.0,43.0,1,0,0.0,0,17.0,cbbd81b8,André Paulo,Sporting CP,True
Famalicão,Braga,1652634000,ru RUS,25-069,90,6,2,4,66.7,2.2,3,8,37.5,21,4,28.6,32.1,7,28.6,29.3,11,0,0.0,0,4.0,d8fe652c,Ivan Zlobin,Famalicão,True
Vitória Guimarães,Gil Vicente FC,1652643000,pt POR,27-192,90,3,0,3,100.0,0.9,7,15,46.7,28,4,35.7,36.6,6,83.3,60.3,6,0,0.0,0,7.0,2bea06e0,Bruno Varela,Vitória Guimarães,True
Sporting CP,Vizela,1628277300,br BRA,27-183,90,5,3,2,40.0,2.2,4,12,33.3,13,4,23.1,24.3,12,75.0,48.8,18,0,0.0,0,17.0,9dadc297,Charles,,True
Arouca,Estoril,1628336700,pt POR,23-018,90,3,0,3,100.0,0.7,6,21,28.6,53,5,32.1,34.3,9,44.4,36.7,16,0,0.0,0,8.0,f7c68686,Daniel Leite,,True
Moreirense,Benfica,1628355600,gr GRE,27-103,90,3,1,2,66.7,1.9,7,15,46.7,22,4,50.0,39.7,5,80.0,58.2,10,0,0.0,0,9.0,03df04ff,Odisseas Vlachodimos,,True
Marítimo,Braga,1628364600,br BRA,29-019,90,0,0,0,,0.0,5,16,31.3,28,5,39.3,35.6,5,100.0,52.6,8,0,0.0,0,,ef3909cd,Matheus,,True
Tondela,Santa Clara,1628433000,pt POR,34-208,90,5,3,2,60.0,2.3,3,7,42.9,20,8,20.0,26.0,5,60.0,43.2,8,0,0.0,2,20.3,5cd73451,Marco André Rocha Pereira,,True
Vitória Guimarães,Portimonense,1628433000,br BRA,27-132,90,3,0,3,100.0,0.5,3,18,16.7,29,3,37.9,36.3,11,63.6,54.5,24,1,4.2,0,12.0,554067e3,Samuel Portugal,,True
Porto,Belenenses SAD,1628442000,br BRA,24-106,90,7,2,5,71.4,1.7,6,20,30.0,15,5,66.7,49.1,14,71.4,50.6,14,1,7.1,0,13.7,185084a1,Luiz Felipe,,True
Paços de Ferreira,Famalicão,1628451000,br BRA,20-206,90,3,2,0,33.3,2.0,8,16,50.0,37,7,27.0,30.9,9,66.7,47.0,21,0,0.0,2,23.0,d0530e29,Luiz Lúcio Reis Júnior,,True
Gil Vicente FC,Boavista,1628536500,br BRA,40-096,90,6,3,3,50.0,2.5,7,18,38.9,21,4,52.4,40.8,7,100.0,62.7,6,1,16.7,2,15.7,5f7d2dfe,Rafael Bracalli,,True
Estoril,Vitória Guimarães,1628882100,cz CZE,22-315,90,1,0,1,100.0,0.2,5,19,26.3,25,1,40.0,32.0,13,69.2,47.4,14,1,7.1,0,10.8,393f7c58,Matouš Trmal,,True
Vizela,Tondela,1628951400,pt POR,33-222,90,6,2,4,66.7,1.8,4,15,26.7,24,5,37.5,34.4,16,37.5,34.1,24,1,4.2,0,5.4,00d19548,Pedro Trigueira,,True
Benfica,Arouca,1628960400,br BRA,29-178,7,,,,,,2,5,40.0,7,1,57.1,41.4,1,100.0,63.0,,,,1,28.0,871b35e7,Victor Braga,,True
Benfica,Arouca,1628960400,br BRA,24-137,79,5,2,3,60.0,2.6,2,27,7.4,27,5,70.4,50.4,18,44.4,35.6,18,2,11.1,1,12.8,b8a82624,Fernando Castro,,True
Braga,Sporting CP,1628969400,es ESP,34-093,90,6,1,5,83.3,1.7,5,21,23.8,33,3,42.4,34.4,14,50.0,38.9,19,1,5.3,0,11.5,65d62814,Antonio Adán,,True
Portimonense,Gil Vicente FC,1629037800,ru RUS,30-257,90,5,0,5,100.0,0.6,5,17,29.4,34,5,38.2,37.4,12,33.3,36.2,12,0,0.0,0,13.0,b8798a46,Stanislav Kritsyuk,,True
Famalicão,Porto,1629046800,pt POR,21-330,90,1,1,0,0.0,0.6,7,17,41.2,41,3,39.0,35.8,6,16.7,22.5,11,0,0.0,0,10.0,93fffbcf,Diogo Costa,,True
Santa Clara,Moreirense,1629055800,br BRA,29-048,90,3,2,1,66.7,2.0,6,11,54.5,13,3,38.5,41.8,12,50.0,42.3,12,0,0.0,0,11.5,f16f9b47,Mateus Pasinato,,True
Boavista,Paços de Ferreira,1629136800,pt POR,25-079,90,4,3,1,25.0,1.8,3,7,42.9,12,3,25.0,30.3,7,57.1,45.0,6,2,33.3,0,6.7,12c6cbef,André Ferreira,,True
Belenenses SAD,Marítimo,1629144900,br BRA,34-216,90,2,1,1,50.0,0.2,7,15,46.7,32,6,34.4,37.5,6,66.7,37.8,4,0,0.0,0,12.0,68a3e731,Paulo Victor Vidotti,,True
Arouca,Famalicão,1629482400,br BRA,20-218,90,4,2,2,75.0,1.7,4,12,33.3,17,6,35.3,37.1,9,66.7,46.6,19,0,0.0,2,12.5,d0530e29,Luiz Lúcio Reis Júnior,,True
Moreirense,Braga,1629490500,br BRA,29-032,90,4,2,2,75.0,2.1,9,23,39.1,35,2,60.0,40.3,3,66.7,43.3,20,0,0.0,4,20.3,ef3909cd,Matheus,,True
Gil Vicente FC,Benfica,1629565200,gr GRE,27-117,90,2,0,2,100.0,0.3,3,6,50.0,27,1,18.5,26.7,6,16.7,30.2,5,0,0.0,1,12.5,03df04ff,Odisseas Vlachodimos,,True
Sporting CP,Belenenses SAD,1629574200,br BRA,24-119,90,7,2,5,71.4,2.1,6,23,26.1,21,1,61.9,42.5,13,76.9,52.1,21,1,4.8,2,11.6,185084a1,Luiz Felipe,,True
Tondela,Portimonense,1629642600,br BRA,27-146,90,3,0,3,100.0,0.5,7,26,26.9,25,1,52.0,43.4,13,100.0,67.0,18,1,5.6,0,10.8,554067e3,Samuel Portugal,,True
Marítimo,Porto,1629651600,pt POR,21-337,90,1,1,0,0.0,0.4,11,25,44.0,31,3,67.7,46.0,6,66.7,52.3,5,0,0.0,0,7.0,93fffbcf,Diogo Costa,,True
Vitória Guimarães,Vizela,1629660600,br BRA,27-199,90,8,4,4,75.0,4.0,7,14,50.0,19,6,36.8,35.7,11,63.6,40.9,27,1,3.7,0,5.3,9dadc297,Charles,,True
Paços de Ferreira,Estoril,1629741600,pt POR,23-034,90,2,1,1,50.0,0.5,3,15,20.0,52,1,17.3,27.1,10,60.0,45.0,15,0,0.0,1,16.7,f7c68686,Daniel Leite,,True
Boavista,Santa Clara,1629749700,pt POR,34-223,90,4,2,2,50.0,1.1,4,9,44.4,22,4,31.8,31.5,4,50.0,47.3,10,0,0.0,0,18.0,5cd73451,Marco André Rocha Pereira,,True
Belenenses SAD,Moreirense,1630087200,br BRA,29-060,90,1,1,0,0.0,0.4,3,5,60.0,13,3,23.1,31.4,7,28.6,27.9,6,0,0.0,1,24.0,f16f9b47,Mateus Pasinato,,True
Estoril,Marítimo,1630095300,br BRA,34-227,90,2,2,0,0.0,0.9,3,11,27.3,37,6,16.2,28.4,8,62.5,38.3,11,0,0.0,2,25.5,68a3e731,Paulo Victor Vidotti,,True
Vizela,Boavista,1630161000,br BRA,40-115,90,4,1,3,75.0,0.9,9,22,40.9,24,2,37.5,35.9,15,86.7,60.2,24,0,0.0,1,18.2,5f7d2dfe,Rafael Bracalli,,True
Porto,Arouca,1630170000,br BRA,24-151,90,4,3,1,25.0,1.4,7,17,41.2,31,4,41.9,37.1,14,28.6,30.3,5,0,0.0,0,10.3,b8a82624,Fernando Castro,,True
Famalicão,Sporting CP,1630179000,es ESP,34-107,90,5,1,5,80.0,0.7,2,3,66.7,19,3,15.8,24.1,5,0.0,24.0,11,1,9.1,0,8.6,65d62814,Antonio Adán,,True
Benfica,Tondela,1630256400,mr MTN,24-252,90,8,2,6,75.0,1.7,6,22,27.3,23,3,65.2,50.6,11,63.6,41.7,23,0,0.0,2,12.8,5c8beb50,Babacar Niasse,,True
Braga,Vitória Guimarães,1630256400,cz CZE,22-331,90,6,0,6,100.0,0.5,7,26,26.9,30,4,53.3,38.9,13,76.9,51.6,16,0,0.0,0,4.5,393f7c58,Matouš Trmal,,True
Santa Clara,Gil Vicente FC,1630265400,ru RUS,30-271,90,4,1,3,75.0,1.8,2,5,40.0,29,4,6.9,24.8,8,37.5,34.3,9,1,11.1,2,13.2,b8798a46,Stanislav Kritsyuk,,True
Portimonense,Paços de Ferreira,1630265400,pt POR,25-092,90,5,0,5,100.0,0.5,14,30,46.7,27,4,66.7,48.9,13,92.3,58.2,18,0,0.0,0,,12c6cbef,André Ferreira,,True
Paços de Ferreira,Braga,1631370600,br BRA,29-054,90,3,0,3,100.0,0.3,3,12,25.0,31,3,25.8,32.9,10,40.0,32.1,17,0,0.0,3,14.6,ef3909cd,Matheus,,True
Santa Clara,Benfica,1631379600,gr GRE,27-138,90,5,0,5,100.0,0.6,2,12,16.7,39,8,28.2,34.1,8,12.5,18.5,11,0,0.0,0,,03df04ff,Odisseas Vlachodimos,,True
Sporting CP,Porto,1631388600,pt POR,21-357,90,5,1,4,80.0,2.6,5,18,27.8,43,2,37.2,34.6,7,28.6,28.6,16,0,0.0,1,28.0,93fffbcf,Diogo Costa,,True
Moreirense,Famalicão,1631457000,br BRA,20-241,90,4,2,2,75.0,1.4,4,10,40.0,31,7,25.8,30.2,7,28.6,38.0,16,0,0.0,7,19.9,d0530e29,Luiz Lúcio Reis Júnior,,True
Gil Vicente FC,Vizela,1631466000,br BRA,27-220,90,6,2,4,66.7,2.6,2,12,16.7,17,7,35.3,39.2,10,60.0,47.5,22,2,9.1,0,8.3,9dadc297,Charles,,True
Boavista,Portimonense,1631466000,br BRA,27-167,90,2,1,1,50.0,0.3,10,25,40.0,35,4,51.4,40.0,8,87.5,53.8,21,0,0.0,0,,554067e3,Samuel Portugal,,True
Vitória Guimarães,Belenenses SAD,1631475000,br BRA,24-141,90,4,0,4,100.0,0.2,6,9,66.7,19,3,36.8,36.6,3,66.7,44.3,20,2,10.0,1,13.8,185084a1,Luiz Felipe,,True
Marítimo,Arouca,1631556000,br BRA,24-167,90,6,2,4,83.3,2.3,3,9,33.3,24,5,20.8,31.1,8,50.0,42.4,15,0,0.0,2,17.3,b8a82624,Fernando Castro,,True
Tondela,Estoril,1631564100,pt POR,23-055,90,5,1,4,80.0,1.3,8,16,50.0,25,5,24.0,34.7,13,76.9,50.9,17,0,0.0,2,18.6,f7c68686,Daniel Leite,,True
Portimonense,Santa Clara,1631906100,pt POR,34-248,90,4,2,2,50.0,0.8,2,5,40.0,19,5,15.8,31.1,7,28.6,35.1,10,1,10.0,0,3.0,5cd73451,Marco André Rocha Pereira,,True
Famalicão,Marítimo,1631975400,br BRA,34-249,90,4,0,3,100.0,1.6,3,23,13.0,29,1,55.2,42.9,14,50.0,39.6,23,1,4.3,1,9.7,68a3e731,Paulo Victor Vidotti,,True
Belenenses SAD,Gil Vicente FC,1631984400,si SVN,23-224,90,4,1,3,75.0,0.7,3,8,37.5,16,4,25.0,30.0,5,80.0,55.8,13,1,7.7,0,14.5,58bef7b2,Žiga Frelih,,True
Arouca,Vitória Guimarães,1631993400,cz CZE,22-351,90,5,2,3,60.0,0.6,11,19,57.9,25,4,48.0,39.1,7,100.0,59.6,14,1,7.1,0,17.0,393f7c58,Matouš Trmal,,True
Vizela,Paços de Ferreira,1632061800,pt POR,25-113,90,4,1,3,75.0,1.8,7,24,29.2,18,3,66.7,50.4,14,85.7,51.8,17,1,5.9,4,17.3,12c6cbef,André Ferreira,,True
Porto,Moreirense,1632070800,br BRA,29-083,90,7,5,2,42.9,4.4,5,21,23.8,19,5,57.9,41.6,11,90.9,60.1,7,0,0.0,3,18.1,f16f9b47,Mateus Pasinato,,True
Estoril,Sporting CP,1632079800,es ESP,34-129,90,3,0,3,100.0,1.5,3,6,50.0,29,5,10.3,28.0,8,37.5,32.5,16,1,6.3,1,16.5,65d62814,Antonio Adán,,True
Benfica,Boavista,1632160800,br BRA,40-138,90,6,3,3,50.0,2.2,8,17,47.1,22,4,45.5,39.3,7,100.0,65.3,12,0,0.0,3,23.0,5f7d2dfe,Rafael Bracalli,,True
Braga,Tondela,1632168900,mr MTN,24-274,90,7,3,4,57.1,3.0,6,26,23.1,31,4,61.3,43.3,12,58.3,45.3,18,0,0.0,0,8.7,5c8beb50,Babacar Niasse,,True
Sporting CP,Marítimo,1632506400,br BRA,34-255,89,6,,6,,1.2,10,25,40.0,22,5,63.6,44.6,16,68.8,46.8,35,2,5.7,,7.7,68a3e731,Paulo Victor Vidotti,,True
Sporting CP,Marítimo,1632506400,pt POR,34-163,1,1,1,0,100.0,1.0,1,1,100.0,1,0,100.0,42.0,0,,,0,0,,0,,95469c7f,Edgar Costa,,True
Gil Vicente FC,Porto,1632514500,pt POR,22-005,90,4,1,2,75.0,1.1,4,7,57.1,32,4,12.5,27.2,5,60.0,49.8,12,0,0.0,0,,93fffbcf,Diogo Costa,,True
Moreirense,Arouca,1632580200,br BRA,24-179,90,3,2,1,33.3,1.8,9,13,69.2,26,4,38.5,36.8,6,50.0,48.7,11,0,0.0,0,12.7,b8a82624,Fernando Castro,,True
Vitória Guimarães,Benfica,1632589200,gr GRE,27-152,90,3,1,2,100.0,1.2,6,13,46.2,22,5,40.9,35.1,9,44.4,38.1,22,0,0.0,0,8.0,03df04ff,Odisseas Vlachodimos,,True
Tondela,Famalicão,1632598200,br BRA,24-255,90,4,3,1,25.0,1.3,9,20,45.0,17,2,58.8,45.4,12,83.3,55.8,9,1,11.1,0,11.0,f9a8ed14,Dalberson,,True
Santa Clara,Braga,1632675600,br BRA,29-069,90,3,1,2,66.7,0.5,4,10,40.0,31,5,16.1,25.3,8,62.5,44.6,13,1,7.7,3,20.2,ef3909cd,Matheus,,True
Portimonense,Vizela,1632684600,br BRA,27-234,90,4,0,4,100.0,0.7,6,17,35.3,19,3,57.9,47.1,11,54.5,46.9,27,4,14.8,0,8.0,9dadc297,Charles,,True
Paços de Ferreira,Belenenses SAD,1632765600,br BRA,24-156,90,5,2,3,60.0,1.0,14,29,48.3,30,4,56.7,45.6,14,85.7,62.3,13,0,0.0,1,21.0,185084a1,Luiz Felipe,,True
Boavista,Estoril,1632773700,pt POR,23-069,90,3,1,2,100.0,1.5,1,2,50.0,47,3,4.3,21.4,8,0.0,20.3,8,0,0.0,2,21.5,f7c68686,Daniel Leite,,True
Marítimo,Moreirense,1633111200,br BRA,25-341,90,0,0,0,,0.0,4,17,23.5,16,2,56.3,41.5,9,88.9,56.4,11,1,9.1,0,12.7,aea1afc8,Kewin,,True
Famalicão,Vitória Guimarães,1633119300,pt POR,26-331,90,2,1,1,50.0,0.9,5,14,35.7,24,2,41.7,35.8,6,66.7,46.3,19,1,5.3,0,8.0,2bea06e0,Bruno Varela,,True
Vizela,Santa Clara,1633185000,pt POR,34-263,90,4,1,3,75.0,1.2,10,34,29.4,38,3,71.1,47.9,11,63.6,45.2,23,0,0.0,0,5.0,5cd73451,Marco André Rocha Pereira,,True
Porto,Paços de Ferreira,1633194000,pt POR,25-126,90,8,2,6,75.0,2.4,9,24,37.5,19,2,68.4,43.1,16,68.8,45.9,23,2,8.7,0,8.0,12c6cbef,André Ferreira,,True
Arouca,Sporting CP,1633203000,es ESP,34-142,90,5,1,4,80.0,1.4,10,22,45.5,39,7,46.2,37.8,7,57.1,35.1,19,2,10.5,2,16.2,65d62814,Antonio Adán,,True
Belenenses SAD,Tondela,1633271400,pt POR,33-272,90,2,0,2,100.0,0.3,12,35,34.3,35,2,82.9,49.7,7,85.7,50.9,16,2,12.5,0,9.8,00d19548,Pedro Trigueira,,True
Estoril,Gil Vicente FC,1633280400,si SVN,23-239,90,4,2,2,75.0,1.8,6,17,35.3,23,4,43.5,41.3,12,58.3,45.5,17,0,0.0,2,16.7,58bef7b2,Žiga Frelih,,True
Benfica,Portimonense,1633280400,br BRA,27-188,90,6,0,6,100.0,2.9,7,27,25.9,20,2,70.0,51.3,14,92.9,63.3,28,0,0.0,2,12.3,554067e3,Samuel Portugal,,True
Braga,Boavista,1633289400,ir IRN,29-012,90,8,2,6,75.0,1.9,6,34,17.6,42,5,66.7,47.4,8,75.0,55.8,11,2,18.2,1,12.8,6ca0b04a,Alireza Beiranvand,,True
Vitória Guimarães,Marítimo,1634930100,br BRA,34-283,90,10,2,8,80.0,3.4,3,7,42.9,24,8,20.8,30.5,9,22.2,25.9,34,2,5.9,0,3.2,68a3e731,Paulo Victor Vidotti,,True
Santa Clara,Famalicão,1634999400,br BRA,20-282,90,0,0,0,,0.0,6,14,42.9,21,4,52.4,40.0,6,50.0,43.7,9,1,11.1,1,15.3,d0530e29,Luiz Lúcio Reis Júnior,,True
Tondela,Porto,1635008400,pt POR,22-034,90,2,1,1,50.0,0.3,4,4,100.0,23,10,17.4,25.7,1,0.0,16.0,10,1,10.0,0,7.0,93fffbcf,Diogo Costa,,True
Sporting CP,Moreirense,1635017400,br BRA,25-363,90,4,1,3,75.0,0.9,5,16,31.3,24,3,54.2,40.0,11,27.3,33.5,18,1,5.6,2,17.7,aea1afc8,Kewin,,True
Paços de Ferreira,Arouca,1635085800,br BRA,29-249,90,0,0,0,,0.0,4,14,28.6,16,2,62.5,42.8,6,66.7,46.0,10,0,0.0,2,23.0,871b35e7,Victor Braga,,True
Vizela,Benfica,1635094800,gr GRE,27-181,90,4,0,4,100.0,0.6,1,4,25.0,26,5,15.4,25.8,8,0.0,19.0,16,1,6.3,3,14.6,03df04ff,Odisseas Vlachodimos,,True
Portimonense,Estoril,1635103800,pt POR,23-096,90,3,0,3,100.0,0.1,6,27,22.2,39,7,38.5,35.6,16,75.0,57.8,21,2,9.5,1,14.0,f7c68686,Daniel Leite,,True
Gil Vicente FC,Braga,1635184800,br BRA,29-098,90,6,0,6,100.0,1.1,7,14,50.0,29,6,31.0,32.2,10,50.0,42.3,16,0,0.0,5,21.4,ef3909cd,Matheus,,True
Boavista,Belenenses SAD,1635192900,br BRA,24-184,90,5,0,5,100.0,0.7,4,8,50.0,22,6,27.3,30.4,10,20.0,29.3,19,0,0.0,0,15.0,185084a1,Luiz Felipe,,True
Arouca,Tondela,1635534900,pt POR,33-298,90,2,2,0,50.0,1.4,4,12,33.3,30,7,40.0,36.3,1,0.0,31.0,9,0,0.0,1,20.5,00d19548,Pedro Trigueira,,True
Porto,Boavista,1635609600,ir IRN,29-039,90,11,4,7,63.6,3.1,8,21,38.1,24,11,58.3,44.3,10,70.0,46.1,15,1,6.7,0,10.4,6ca0b04a,Alireza Beiranvand,,True
Estoril,Benfica,1635616800,gr GRE,27-187,90,2,1,1,50.0,0.7,0,6,0.0,23,3,21.7,33.8,10,10.0,25.8,15,0,0.0,1,38.0,03df04ff,Odisseas Vlachodimos,,True
Sporting CP,Vitória Guimarães,1635624900,pt POR,26-360,90,4,1,3,75.0,0.8,4,17,23.5,34,7,38.2,35.0,9,44.4,41.9,15,1,6.7,3,15.8,2bea06e0,Bruno Varela,,True
Marítimo,Gil Vicente FC,1635694200,si SVN,23-267,90,7,1,6,85.7,1.1,5,14,35.7,23,9,17.4,31.6,11,90.9,64.8,17,3,17.6,2,12.3,58bef7b2,Žiga Frelih,,True
Belenenses SAD,Santa Clara,1635703200,pt POR,34-292,45,1,1,,0.0,0.2,2,3,66.7,12,2,,29.9,3,,23.3,9,,,,17.0,5cd73451,Marco André Rocha Pereira,,True
Belenenses SAD,Santa Clara,1635703200,pt POR,27-003,45,3,1,2,66.7,1.1,1,1,100.0,7,3,14.3,26.0,4,0.0,19.5,3,0,0.0,0,,93d5feb6,Ricardo Fernandes,,True
Famalicão,Vizela,1635712200,br BRA,27-269,90,5,1,4,80.0,0.8,2,14,14.3,19,6,47.4,41.8,12,41.7,41.2,18,0,0.0,0,,9dadc297,Charles,,True
Braga,Portimonense,1635793200,br BRA,27-217,90,5,3,2,40.0,1.8,7,23,30.4,35,1,42.9,39.9,9,88.9,57.2,7,0,0.0,1,15.7,554067e3,Samuel Portugal,,True
Moreirense,Paços de Ferreira,1635801300,pt POR,25-156,90,1,1,0,0.0,0.3,10,19,52.6,17,1,76.5,47.2,6,100.0,57.7,21,1,4.8,0,12.0,12c6cbef,André Ferreira,,True
Gil Vicente FC,Arouca,1636138800,br BRA,29-261,90,4,1,3,75.0,1.1,12,24,50.0,33,4,63.6,42.2,3,100.0,70.3,21,3,14.3,3,20.4,871b35e7,Victor Braga,,True
Boavista,Famalicão,1636146900,br BRA,20-295,90,5,2,3,60.0,1.8,6,12,50.0,27,8,29.6,32.1,8,50.0,37.1,13,0,0.0,2,17.8,d0530e29,Luiz Lúcio Reis Júnior,,True
Vizela,Estoril,1636212600,pt POR,23-109,90,3,1,2,66.7,0.8,1,6,16.7,39,3,10.3,24.9,8,25.0,30.6,13,0,0.0,0,13.0,f7c68686,Daniel Leite,,True
Portimonense,Belenenses SAD,1636221600,br BRA,24-196,90,6,2,4,66.7,2.4,4,13,30.8,35,4,25.7,28.6,5,80.0,52.2,15,0,0.0,0,9.0,185084a1,Luiz Felipe,,True
Vitória Guimarães,Moreirense,1636230600,br BRA,26-012,90,5,2,3,60.0,2.3,7,17,41.2,35,6,40.0,38.0,4,75.0,47.0,11,2,18.2,1,16.5,aea1afc8,Kewin,,True
Tondela,Marítimo,1636293600,br BRA,34-299,90,7,4,3,85.7,4.1,6,20,30.0,29,3,55.2,42.3,6,66.7,54.0,8,0,0.0,0,3.0,68a3e731,Paulo Victor Vidotti,,True
Santa Clara,Porto,1636304400,pt POR,22-049,90,1,0,1,100.0,0.0,5,12,41.7,26,4,38.5,36.6,9,22.2,33.1,5,1,20.0,2,20.7,93fffbcf,Diogo Costa,,True
Paços de Ferreira,Sporting CP,1636311600,es ESP,34-178,90,1,0,1,100.0,0.1,3,10,30.0,19,4,42.1,36.1,6,33.3,31.0,12,0,0.0,0,14.5,65d62814,Antonio Adán,,True
Benfica,Braga,1636319700,br BRA,29-111,90,9,6,3,33.3,3.8,4,13,30.8,33,2,36.4,33.9,2,50.0,31.5,5,0,0.0,1,17.0,ef3909cd,Matheus,,True
Moreirense,Gil Vicente FC,1637957700,si SVN,23-293,90,4,2,2,75.0,1.3,9,17,52.9,28,4,35.7,33.8,9,77.8,53.6,9,0,0.0,4,19.0,58bef7b2,Žiga Frelih,,True
Famalicão,Portimonense,1638027000,br BRA,27-243,90,2,0,2,100.0,0.7,11,27,40.7,32,2,50.0,45.6,17,64.7,46.1,25,1,4.0,0,4.8,554067e3,Samuel Portugal,,True
Arouca,Boavista,1638036000,ir IRN,29-067,90,6,2,4,66.7,1.2,1,9,11.1,29,4,20.7,32.8,8,37.5,34.5,13,2,15.4,7,17.7,6ca0b04a,Alireza Beiranvand,,True
Belenenses SAD,Benfica,1638045000,gr GRE,27-215,90,0,0,0,,0.0,0,0,,3,0,0.0,28.3,2,0.0,30.0,2,0,0.0,1,28.0,03df04ff,Odisseas Vlachodimos,,True
Marítimo,Paços de Ferreira,1638113400,pt POR,25-183,90,4,2,2,50.0,0.7,4,12,33.3,25,5,32.0,29.8,5,80.0,44.2,11,0,0.0,1,16.0,12c6cbef,André Ferreira,,True
Sporting CP,Tondela,1638122400,pt POR,33-328,90,8,2,6,75.0,1.6,6,14,42.9,28,4,50.0,37.3,5,0.0,18.6,10,0,0.0,2,17.2,00d19548,Pedro Trigueira,,True
Porto,Vitória Guimarães,1638131400,pt POR,27-024,90,9,2,7,77.8,2.8,10,27,37.0,26,3,69.2,49.2,10,90.0,58.0,13,0,0.0,0,9.5,2bea06e0,Bruno Varela,,True
Estoril,Santa Clara,1638216900,pt POR,34-321,90,7,2,5,85.7,1.8,12,23,52.2,40,6,52.5,40.6,5,40.0,34.2,17,1,5.9,1,11.3,5cd73451,Marco André Rocha Pereira,,True
Braga,Vizela,1638303300,br BRA,27-299,90,9,4,5,66.7,3.8,2,9,22.2,25,8,24.0,31.7,9,33.3,35.1,12,1,8.3,1,10.0,9dadc297,Charles,,True
Portimonense,Porto,1638558000,pt POR,22-075,90,4,0,4,100.0,0.5,10,20,50.0,45,8,42.2,33.6,3,33.3,38.7,10,1,10.0,1,12.5,93fffbcf,Diogo Costa,,True
Benfica,Sporting CP,1638566100,es ESP,34-204,90,3,1,2,66.7,1.1,7,16,43.8,21,2,57.1,43.9,5,80.0,48.4,15,1,6.7,2,13.7,65d62814,Antonio Adán,,True
Boavista,Marítimo,1638640800,br BRA,34-326,90,4,1,3,75.0,1.5,3,6,50.0,22,5,22.7,27.4,3,33.3,40.7,13,2,15.4,4,20.3,68a3e731,Paulo Victor Vidotti,,True
Paços de Ferreira,Vitória Guimarães,1638649800,pt POR,27-030,90,3,1,2,66.7,1.1,9,22,40.9,22,0,72.7,46.4,7,85.7,51.4,11,0,0.0,0,,2bea06e0,Bruno Varela,,True
Santa Clara,Arouca,1638718200,cm CMR,22-250,90,4,2,2,50.0,1.9,4,7,57.1,28,4,21.4,25.3,4,25.0,37.8,6,1,16.7,2,19.2,8f63b5ef,Norbert Haymamba,,True
Gil Vicente FC,Famalicão,1638727200,br BRA,20-325,90,9,4,5,55.6,2.8,6,7,85.7,26,7,19.2,25.0,5,40.0,35.0,10,1,10.0,3,21.8,d0530e29,Luiz Lúcio Reis Júnior,,True
Braga,Estoril,1638736200,br BRA,25-176,90,4,2,1,50.0,2.8,1,6,16.7,35,2,17.1,27.5,9,0.0,19.9,8,0,0.0,1,14.3,c9c55581,Mosquito,,True
Paços de Ferreira,Gil Vicente FC,1639167300,si SVN,23-307,90,2,0,2,100.0,0.7,4,9,44.4,18,3,27.8,30.8,6,66.7,50.7,25,1,4.0,0,7.8,58bef7b2,Žiga Frelih,,True
Marítimo,Santa Clara,1639236600,pt POR,34-333,90,4,4,0,50.0,2.6,5,6,83.3,28,2,17.9,25.1,5,20.0,25.2,12,0,0.0,3,16.8,5cd73451,Marco André Rocha Pereira,,True
Vitória Guimarães,Tondela,1639245600,pt POR,33-341,90,10,5,5,80.0,6.5,6,16,37.5,23,5,39.1,30.9,11,63.6,39.9,12,1,8.3,0,4.0,00d19548,Pedro Trigueira,,True
Sporting CP,Boavista,1639254600,ir IRN,29-081,45,3,,3,,0.7,5,13,38.5,15,4,46.7,38.5,6,100.0,63.5,11,,,4,19.8,6ca0b04a,Alireza Beiranvand,,True
Sporting CP,Boavista,1639254600,br BRA,40-220,45,3,2,1,33.3,1.8,3,10,30.0,16,2,43.8,36.4,4,75.0,49.5,6,0,0.0,2,16.0,5f7d2dfe,Rafael Bracalli,,True
Moreirense,Portimonense,1639323000,br BRA,27-258,90,3,0,3,100.0,1.5,12,33,36.4,36,4,61.1,46.4,11,100.0,62.8,21,4,19.0,0,4.7,554067e3,Samuel Portugal,,True
Belenenses SAD,Estoril,1639323000,br BRA,25-183,90,0,0,0,,0.0,2,8,25.0,27,4,22.2,31.3,5,40.0,32.4,7,1,14.3,2,14.2,c9c55581,Mosquito,,True
Famalicão,Benfica,1639332000,gr GRE,27-230,90,2,1,1,50.0,1.1,1,6,16.7,30,8,20.0,26.8,7,0.0,19.6,19,1,5.3,1,13.3,03df04ff,Odisseas Vlachodimos,,True
Porto,Braga,1639341000,br BRA,29-146,90,4,1,3,75.0,1.0,11,18,61.1,48,11,31.3,31.5,13,23.1,28.0,16,2,12.5,1,11.5,ef3909cd,Matheus,,True
Arouca,Vizela,1639426500,br BRA,27-312,90,2,1,1,50.0,0.3,3,20,15.0,20,7,60.0,46.1,9,88.9,49.9,24,0,0.0,1,9.4,9dadc297,Charles,,True
Santa Clara,Vitória Guimarães,1639767600,pt POR,27-043,90,6,1,5,83.3,2.2,2,8,25.0,21,3,14.3,26.3,6,83.3,60.0,11,0,0.0,2,15.7,2bea06e0,Bruno Varela,,True
Estoril,Famalicão,1639775700,br BRA,20-337,90,4,2,2,50.0,0.8,6,10,60.0,22,7,27.3,36.4,7,57.1,50.4,19,1,5.3,4,16.3,d0530e29,Luiz Lúcio Reis Júnior,,True
Portimonense,Arouca,1639841400,br BRA,29-304,90,5,1,4,80.0,1.3,6,16,37.5,25,3,40.0,36.8,8,75.0,51.8,19,0,0.0,2,16.2,871b35e7,Victor Braga,,True
Tondela,Paços de Ferreira,1639841400,pt POR,25-203,90,9,0,9,100.0,0.6,11,14,78.6,19,5,47.4,38.1,6,83.3,48.8,13,0,0.0,1,21.0,12c6cbef,André Ferreira,,True
Gil Vicente FC,Sporting CP,1639859400,es ESP,34-219,90,4,0,4,100.0,1.0,1,6,16.7,29,3,20.7,29.2,4,0.0,21.0,4,0,0.0,0,,65d62814,Antonio Adán,,True
Benfica,Marítimo,1639933200,br BRA,34-341,90,9,7,2,22.2,4.1,9,14,64.3,22,3,50.0,38.2,8,37.5,30.5,8,1,12.5,2,17.6,68a3e731,Paulo Victor Vidotti,,True
Boavista,Moreirense,1639933200,br BRA,26-055,90,4,1,3,75.0,0.3,3,7,42.9,14,4,28.6,27.6,7,42.9,38.6,9,0,0.0,1,25.0,aea1afc8,Kewin,,True
Vizela,Porto,1639940400,pt POR,22-091,90,4,0,4,100.0,0.3,4,9,44.4,48,3,18.8,25.5,3,0.0,13.3,8,0,0.0,0,17.0,93fffbcf,Diogo Costa,,True
Braga,Belenenses SAD,1639947600,br BRA,24-239,90,5,1,4,80.0,2.0,4,19,21.1,46,4,32.6,34.8,12,33.3,36.2,12,0,0.0,0,13.7,185084a1,Luiz Felipe,,True
Tondela,Gil Vicente FC,1640710800,si SVN,23-325,90,2,0,2,100.0,0.1,4,17,23.5,28,8,39.3,35.6,11,54.5,48.6,16,1,6.3,2,15.0,58bef7b2,Žiga Frelih,,True
Marítimo,Vizela,1640718000,pt POR,24-318,90,5,2,3,80.0,2.2,3,7,42.9,13,3,23.1,29.2,7,57.1,39.7,9,0,0.0,0,16.5,f829f728,Pedro José Moreira Silva,,True
Moreirense,Estoril,1640725200,pt POR,23-161,90,3,1,2,66.7,1.2,1,2,50.0,19,3,5.3,21.7,7,14.3,26.3,11,0,0.0,0,,f7c68686,Daniel Leite,,True
Vitória Guimarães,Boavista,1640804400,br BRA,40-238,90,2,1,1,50.0,0.9,10,18,55.6,25,4,48.0,40.0,11,54.5,41.4,19,2,10.5,2,12.2,5f7d2dfe,Rafael Bracalli,,True
Sporting CP,Portimonense,1640811600,br BRA,27-275,90,12,3,9,75.0,3.0,17,37,45.9,29,4,75.9,47.7,15,100.0,62.6,20,0,0.0,0,5.0,554067e3,Samuel Portugal,,True
Paços de Ferreira,Santa Clara,1640883600,pt POR,34-352,90,2,2,0,0.0,0.3,8,12,66.7,22,3,45.5,36.9,7,28.6,35.4,14,0,0.0,0,18.0,5cd73451,Marco André Rocha Pereira,,True
Arouca,Braga,1640890800,br BRA,29-164,90,0,0,0,,0.0,6,14,42.9,34,6,32.4,32.0,5,60.0,35.8,8,0,0.0,0,,ef3909cd,Matheus,,True
Porto,Benfica,1640898000,gr GRE,27-248,90,6,3,3,50.0,1.1,4,9,44.4,20,8,30.0,28.0,7,42.9,38.7,7,0,0.0,4,20.3,03df04ff,Odisseas Vlachodimos,,True
Vizela,Belenenses SAD,1641148200,br BRA,24-253,90,4,2,2,75.0,1.8,4,13,30.8,25,2,48.0,33.5,5,20.0,31.4,8,0,0.0,1,19.0,185084a1,Luiz Felipe,,True
Tondela,Moreirense,1641240900,br BRA,26-070,90,5,2,3,80.0,2.4,5,18,27.8,30,9,36.7,36.5,9,77.8,59.7,10,2,20.0,0,12.8,aea1afc8,Kewin,,True
Santa Clara,Sporting CP,1641580200,es ESP,34-239,90,5,3,2,40.0,1.4,2,6,33.3,27,4,18.5,25.8,5,20.0,31.0,8,0,0.0,5,28.0,65d62814,Antonio Adán,,True
Vizela,Moreirense,1641655800,br BRA,26-075,90,3,0,3,100.0,0.9,12,32,37.5,30,4,76.7,45.5,10,90.0,57.6,23,1,4.3,1,11.7,aea1afc8,Kewin,,True
Estoril,Porto,1641664800,pt POR,22-111,90,2,2,0,50.0,1.0,1,11,9.1,20,4,50.0,35.9,6,16.7,28.2,9,0,0.0,1,29.0,93fffbcf,Diogo Costa,,True
Boavista,Tondela,1641673800,pt POR,34-004,90,3,1,2,66.7,1.0,7,18,38.9,22,3,54.5,42.2,9,66.7,43.3,17,1,5.9,0,8.5,00d19548,Pedro Trigueira,,True
Portimonense,Marítimo,1641742200,br BRA,34-362,90,3,1,2,100.0,1.3,6,15,40.0,25,6,40.0,40.3,10,50.0,40.2,16,0,0.0,0,9.4,68a3e731,Paulo Victor Vidotti,,True
Benfica,Paços de Ferreira,1641751200,pt POR,25-225,90,6,2,4,66.7,2.3,13,25,52.0,22,7,45.5,37.9,17,88.2,45.2,19,1,5.3,0,12.8,12c6cbef,André Ferreira,,True
Braga,Famalicão,1641751200,br BRA,20-360,90,8,2,6,75.0,1.8,8,15,53.3,28,3,35.7,37.5,8,62.5,46.6,13,0,0.0,5,17.2,d0530e29,Luiz Lúcio Reis Júnior,,True
Belenenses SAD,Arouca,1641760200,br BRA,29-326,90,5,2,3,60.0,0.9,9,21,42.9,21,4,61.9,41.0,8,100.0,63.9,18,2,11.1,0,10.5,871b35e7,Victor Braga,,True
Gil Vicente FC,Vitória Guimarães,1641845700,pt POR,27-067,90,9,3,6,66.7,1.5,5,17,29.4,21,1,57.1,42.9,7,71.4,40.3,11,0,0.0,1,11.6,2bea06e0,Bruno Varela,,True
Famalicão,Belenenses SAD,1642096800,br BRA,24-264,90,2,1,1,50.0,1.0,3,12,25.0,23,2,39.1,32.2,4,75.0,48.8,12,0,0.0,0,7.5,185084a1,Luiz Felipe,,True
Boavista,Gil Vicente FC,1642260600,si SVN,23-343,90,5,1,4,80.0,1.3,3,10,30.0,24,5,33.3,32.0,9,22.2,31.9,12,0,0.0,1,25.0,58bef7b2,Žiga Frelih,,True
Braga,Marítimo,1642269600,br BRA,35-003,90,4,0,4,100.0,0.5,5,23,21.7,28,3,57.1,43.5,10,70.0,46.9,15,1,6.7,0,9.3,68a3e731,Paulo Victor Vidotti,,True
Benfica,Moreirense,1642269600,br BRA,26-082,90,4,1,3,75.0,1.1,13,30,43.3,26,3,73.1,49.9,12,91.7,58.7,33,2,6.1,0,7.3,aea1afc8,Kewin,,True
Santa Clara,Tondela,1642347000,pt POR,34-012,90,9,2,7,77.8,2.2,4,9,44.4,23,5,21.7,29.5,9,44.4,35.6,17,0,0.0,4,19.5,00d19548,Pedro Trigueira,,True
Vizela,Sporting CP,1642356000,es ESP,34-248,90,1,0,1,100.0,0.2,0,3,0.0,33,3,9.1,23.8,6,0.0,12.5,13,0,0.0,0,9.6,65d62814,Antonio Adán,,True
Famalicão,Paços de Ferreira,1642357800,pt POR,25-232,90,6,0,6,100.0,0.9,2,11,18.2,16,2,31.3,33.3,9,66.7,45.2,14,0,0.0,0,3.0,12c6cbef,André Ferreira,,True
Belenenses SAD,Porto,1642365000,pt POR,22-119,90,2,1,1,50.0,0.5,4,5,80.0,21,7,23.8,33.4,3,0.0,17.0,8,2,25.0,0,10.5,93fffbcf,Diogo Costa,,True
Portimonense,Vitória Guimarães,1642450500,pt POR,27-074,90,4,1,3,75.0,1.0,15,31,48.4,27,5,70.4,48.7,13,92.3,64.8,17,0,0.0,0,,2bea06e0,Bruno Varela,,True
Arouca,Benfica,1642791600,gr GRE,27-270,90,2,0,1,100.0,1.0,3,14,21.4,33,6,24.2,28.4,9,66.7,41.0,9,0,0.0,1,23.0,03df04ff,Odisseas Vlachodimos,,True
Paços de Ferreira,Boavista,1642799700,br BRA,40-261,90,3,1,2,100.0,1.1,5,9,55.6,21,5,38.1,32.0,3,33.3,38.3,14,0,0.0,0,9.0,5f7d2dfe,Rafael Bracalli,,True
Moreirense,Santa Clara,1642865400,pt POR,35-010,90,3,0,3,100.0,0.7,15,27,55.6,25,3,72.0,51.3,10,90.0,57.2,19,3,15.8,0,4.0,5cd73451,Marco André Rocha Pereira,,True
Tondela,Vizela,1642874400,pt POR,24-343,90,3,2,1,66.7,1.2,5,12,41.7,17,5,47.1,36.9,6,66.7,60.0,15,0,0.0,1,17.2,f829f728,Pedro José Moreira Silva,,True
Sporting CP,Braga,1642883400,br BRA,29-187,90,4,1,3,75.0,1.3,3,21,14.3,47,7,34.0,36.2,7,71.4,46.7,18,1,5.6,0,10.0,ef3909cd,Matheus,,True
Vitória Guimarães,Estoril,1642951800,br BRA,25-225,90,6,3,3,50.0,1.9,7,10,70.0,36,8,11.1,27.9,11,54.5,40.5,19,0,0.0,0,,c9c55581,Mosquito,,True
Marítimo,Belenenses SAD,1642951800,br BRA,24-274,90,2,1,1,50.0,0.9,7,16,43.8,15,2,53.3,41.0,12,66.7,47.5,21,0,0.0,0,4.0,185084a1,Luiz Felipe,,True
Gil Vicente FC,Portimonense,1642960800,br BRA,27-300,90,6,1,5,83.3,3.1,12,30,40.0,27,1,66.7,46.3,12,100.0,58.2,21,3,14.3,0,7.0,554067e3,Samuel Portugal,,True
Porto,Famalicão,1642969800,br BRA,21-009,90,9,3,6,77.8,3.5,6,16,37.5,22,6,59.1,41.6,11,27.3,31.9,9,1,11.1,2,16.0,d0530e29,Luiz Lúcio Reis Júnior,,True
Estoril,Arouca,1643314500,br BRA,29-344,90,3,1,3,66.7,0.7,4,10,40.0,23,3,30.4,29.1,7,42.9,28.7,10,0,0.0,0,14.0,871b35e7,Victor Braga,,True
Portimonense,Tondela,1643556600,pt POR,34-026,90,3,1,2,66.7,1.3,4,7,57.1,18,3,33.3,30.7,16,6.3,22.3,7,1,14.3,0,10.2,00d19548,Pedro Trigueira,,True
Vizela,Vitória Guimarães,1643556600,cz CZE,23-120,90,6,3,3,50.0,3.1,6,14,42.9,21,6,38.1,31.0,10,60.0,44.8,23,0,0.0,3,24.0,393f7c58,Matouš Trmal,,True
Braga,Moreirense,1643565600,br BRA,29-216,90,5,2,3,80.0,2.3,12,24,50.0,32,2,62.5,40.2,6,66.7,42.5,16,0,0.0,1,17.0,f16f9b47,Mateus Pasinato,,True
Porto,Marítimo,1643574600,br BRA,35-018,90,5,2,3,60.0,2.1,7,17,41.2,33,5,36.4,34.0,7,71.4,51.0,12,1,8.3,2,19.8,68a3e731,Paulo Victor Vidotti,,True
Estoril,Paços de Ferreira,1643655600,pt POR,25-247,90,5,0,5,100.0,1.1,4,7,57.1,19,4,26.3,31.1,4,50.0,42.5,12,0,0.0,3,16.5,12c6cbef,André Ferreira,,True
Famalicão,Arouca,1643663700,br BRA,29-348,90,1,0,1,100.0,0.1,6,29,20.7,42,3,59.5,39.9,4,100.0,65.8,12,3,25.0,4,15.9,871b35e7,Victor Braga,,True
Santa Clara,Boavista,1643746500,br BRA,40-272,90,3,2,1,66.7,2.3,6,10,60.0,22,10,27.3,32.0,5,80.0,47.0,11,4,36.4,2,12.0,5f7d2dfe,Rafael Bracalli,,True
Benfica,Gil Vicente FC,1643828400,br BRA,20-216,90,5,1,4,80.0,0.7,3,13,23.1,29,8,20.7,30.6,11,63.6,45.8,32,0,0.0,0,3.0,40406a00,Andrew,,True
Belenenses SAD,Sporting CP,1643834700,es ESP,34-265,90,2,1,1,50.0,0.7,1,3,33.3,25,2,12.0,24.6,2,0.0,21.5,5,0,0.0,0,8.0,65d62814,Antonio Adán,,True
Marítimo,Estoril,1644075000,pt POR,23-200,90,6,0,6,100.0,1.8,11,22,50.0,22,1,45.5,41.5,17,70.6,56.8,38,1,2.6,0,3.3,f7c68686,Daniel Leite,,True
Paços de Ferreira,Portimonense,1644084000,br BRA,27-313,90,3,1,3,66.7,0.6,6,15,40.0,31,2,38.7,34.5,10,30.0,34.4,18,1,5.6,3,13.9,554067e3,Samuel Portugal,,True
Vitória Guimarães,Braga,1644093000,br BRA,29-201,90,5,2,3,60.0,1.8,1,3,33.3,26,4,11.5,24.7,3,0.0,18.3,8,0,0.0,1,13.3,ef3909cd,Matheus,,True
Boavista,Vizela,1644161400,pt POR,24-358,90,4,2,2,75.0,1.7,4,7,57.1,17,5,17.6,29.9,7,57.1,43.7,18,0,0.0,1,14.5,f829f728,Pedro José Moreira Silva,,True
Gil Vicente FC,Santa Clara,1644161400,pt POR,35-025,90,3,2,1,66.7,1.4,4,23,17.4,22,0,72.7,48.5,11,63.6,52.6,7,0,0.0,1,44.0,5cd73451,Marco André Rocha Pereira,,True
Arouca,Porto,1644170400,pt POR,22-140,86,1,,1,,0.2,5,10,50.0,23,7,26.1,33.0,5,80.0,59.0,11,1,9.1,1,16.5,93fffbcf,Diogo Costa,,True
Arouca,Porto,1644170400,ar ARG,33-327,4,0,0,0,,0.0,2,6,33.3,8,0,50.0,47.0,2,100.0,65.0,2,0,0.0,0,,853b7c48,Agustín Marchesín,,True
Sporting CP,Famalicão,1644179400,br BRA,21-023,90,4,2,2,75.0,1.9,7,13,53.8,30,5,40.0,39.3,4,25.0,32.0,15,0,0.0,2,14.3,d0530e29,Luiz Lúcio Reis Júnior,,True
Tondela,Benfica,1644260400,gr GRE,27-287,90,2,1,1,50.0,1.0,3,5,60.0,17,3,23.5,26.5,6,16.7,29.8,11,0,0.0,1,11.0,03df04ff,Odisseas Vlachodimos,,True
Moreirense,Belenenses SAD,1644268500,br BRA,24-289,90,9,4,5,55.6,1.6,3,9,33.3,19,6,31.6,32.2,5,60.0,41.6,12,1,8.3,2,15.8,185084a1,Luiz Felipe,,True
Porto,Sporting CP,1644610500,es ESP,34-274,90,7,2,5,71.4,1.4,6,20,30.0,34,7,47.1,37.4,8,50.0,41.5,23,1,4.3,0,5.0,65d62814,Antonio Adán,,True
Braga,Paços de Ferreira,1644679800,pt POR,25-259,90,5,2,3,60.0,1.3,8,16,50.0,33,7,27.3,33.7,13,53.8,42.7,10,0,0.0,2,28.0,12c6cbef,André Ferreira,,True
Portimonense,Boavista,1644688800,br BRA,40-283,90,4,1,3,75.0,1.2,9,15,60.0,20,5,45.0,37.7,7,85.7,61.9,16,4,25.0,0,8.0,5f7d2dfe,Rafael Bracalli,,True
Benfica,Santa Clara,1644688800,pt POR,35-031,90,4,2,2,75.0,2.2,11,24,45.8,18,0,77.8,47.1,13,76.9,56.7,20,0,0.0,0,,5cd73451,Marco André Rocha Pereira,,True
Estoril,Tondela,1644697800,pt POR,34-039,90,8,1,7,87.5,2.9,7,20,35.0,38,4,42.1,38.5,6,66.7,43.7,12,0,0.0,1,17.5,00d19548,Pedro Trigueira,,True
Famalicão,Moreirense,1644766200,br BRA,29-230,90,8,5,3,50.0,3.0,7,15,46.7,25,5,44.0,33.8,4,100.0,49.8,3,0,0.0,2,18.3,f16f9b47,Mateus Pasinato,,True
Belenenses SAD,Vitória Guimarães,1644775200,pt POR,27-101,90,3,1,2,66.7,1.9,2,7,28.6,12,4,16.7,28.2,7,71.4,59.6,9,1,11.1,0,11.0,2bea06e0,Bruno Varela,,True
Vizela,Gil Vicente FC,1644784200,br BRA,20-227,90,2,0,2,100.0,0.4,4,15,26.7,17,1,52.9,44.0,12,50.0,39.9,32,0,0.0,0,,40406a00,Andrew,,True
Arouca,Marítimo,1644869700,br BRA,35-033,90,4,0,4,100.0,0.6,2,24,8.3,25,4,68.0,46.5,9,77.8,52.2,38,1,2.6,0,8.3,68a3e731,Paulo Victor Vidotti,,True
Boavista,Benfica,1645215300,gr GRE,27-298,90,4,2,2,50.0,1.0,0,6,0.0,18,4,22.2,28.6,8,25.0,31.0,18,0,0.0,0,7.0,03df04ff,Odisseas Vlachodimos,,True
Gil Vicente FC,Belenenses SAD,1645284600,br BRA,24-301,90,5,2,3,60.0,1.9,4,16,25.0,33,4,36.4,37.0,6,66.7,47.7,14,2,14.3,0,11.0,185084a1,Luiz Felipe,,True
Paços de Ferreira,Vizela,1645293600,pt POR,25-006,90,4,2,2,50.0,1.0,6,16,37.5,10,0,80.0,47.8,13,61.5,43.2,22,0,0.0,0,3.0,f829f728,Pedro José Moreira Silva,,True
Vitória Guimarães,Arouca,1645302600,br BRA,30-002,90,5,1,4,80.0,1.4,13,21,61.9,35,4,48.6,38.2,4,100.0,62.5,20,3,15.0,0,6.7,871b35e7,Victor Braga,,True
Marítimo,Famalicão,1645371000,br BRA,21-037,90,2,0,1,100.0,1.5,6,16,37.5,19,6,52.6,40.6,6,100.0,59.2,16,2,12.5,2,18.2,d0530e29,Luiz Lúcio Reis Júnior,,True
Sporting CP,Estoril,1645380000,pt POR,23-215,90,7,3,4,57.1,1.8,3,14,21.4,22,2,36.4,37.0,14,42.9,37.9,21,1,4.8,0,6.3,f7c68686,Daniel Leite,,True
Moreirense,Porto,1645387200,pt POR,22-154,90,1,0,1,100.0,0.3,7,10,70.0,21,1,38.1,39.4,6,33.3,36.7,4,0,0.0,0,,93fffbcf,Diogo Costa,,True
Tondela,Braga,1645389900,br BRA,29-216,90,2,0,2,100.0,0.4,5,14,35.7,32,8,28.1,31.3,8,62.5,47.3,8,0,0.0,2,20.7,ef3909cd,Matheus,,True
Santa Clara,Portimonense,1645474500,br BRA,27-329,90,4,1,3,75.0,1.0,8,21,38.1,33,5,45.5,35.7,7,85.7,52.0,6,0,0.0,0,,554067e3,Samuel Portugal,,True
Belenenses SAD,Paços de Ferreira,1645820100,pt POR,25-272,90,1,0,1,100.0,0.0,8,17,47.1,17,2,41.2,34.8,15,66.7,49.3,23,1,4.3,0,4.0,12c6cbef,André Ferreira,,True
Famalicão,Tondela,1645889400,pt POR,34-053,90,3,2,1,33.3,0.7,12,23,52.2,29,4,51.7,40.2,11,72.7,53.8,20,1,5.0,1,11.8,00d19548,Pedro Trigueira,,True
Marítimo,Sporting CP,1645898400,es ESP,34-289,90,2,1,1,50.0,0.7,3,4,75.0,21,5,14.3,24.7,4,25.0,32.8,6,1,16.7,1,21.5,65d62814,Antonio Adán,,True
Arouca,Moreirense,1645907400,br BRA,29-243,90,4,1,3,75.0,0.8,5,22,22.7,12,1,83.3,49.2,12,100.0,66.8,26,0,0.0,0,5.3,f16f9b47,Mateus Pasinato,,True
Vizela,Portimonense,1645975800,br BRA,27-335,90,2,1,1,50.0,0.4,16,29,55.2,22,1,86.4,51.9,10,100.0,67.3,29,0,0.0,0,1.0,554067e3,Samuel Portugal,,True
Benfica,Vitória Guimarães,1645984800,pt POR,27-115,90,6,3,3,66.7,2.8,3,9,33.3,22,1,36.4,33.4,4,25.0,31.0,10,0,0.0,0,9.7,2bea06e0,Bruno Varela,,True
Estoril,Boavista,1645984800,br BRA,40-298,90,2,2,0,50.0,1.0,8,12,66.7,13,2,46.2,35.5,7,85.7,55.9,18,2,11.1,0,6.8,5f7d2dfe,Rafael Bracalli,,True
Porto,Gil Vicente FC,1645993800,br BRA,20-241,90,7,1,6,85.7,2.1,3,19,15.8,29,13,31.0,36.6,15,66.7,48.5,23,3,13.0,0,5.4,40406a00,Andrew,,True
Braga,Santa Clara,1646079300,pt POR,35-047,90,3,0,3,100.0,1.1,6,35,17.1,39,1,71.8,52.3,12,58.3,49.4,20,4,20.0,0,4.5,5cd73451,Marco André Rocha Pereira,,True
Gil Vicente FC,Estoril,1646424900,pt POR,23-227,90,3,0,3,100.0,0.3,2,6,33.3,32,8,9.4,27.5,8,37.5,34.8,13,1,7.7,2,17.0,f7c68686,Daniel Leite,,True
Boavista,Braga,1646494200,br BRA,29-229,90,5,1,4,80.0,1.2,5,14,35.7,32,6,37.5,32.7,7,28.6,26.7,12,1,8.3,0,10.7,ef3909cd,Matheus,,True
Portimonense,Benfica,1646503200,gr GRE,27-313,90,1,1,0,0.0,0.9,3,4,75.0,19,5,10.5,25.3,9,22.2,33.8,9,2,22.2,0,8.0,03df04ff,Odisseas Vlachodimos,,True
Sporting CP,Arouca,1646512200,br BRA,30-016,90,5,2,3,60.0,1.6,6,22,27.3,30,7,40.0,38.3,11,90.9,61.2,20,0,0.0,2,16.6,871b35e7,Victor Braga,,True
Moreirense,Marítimo,1646580600,br BRA,35-053,90,5,0,5,100.0,0.9,7,21,33.3,31,5,48.4,42.3,8,75.0,53.0,24,2,8.3,1,15.4,68a3e731,Paulo Victor Vidotti,,True
Paços de Ferreira,Porto,1646589600,pt POR,22-168,90,3,2,1,33.3,0.8,2,12,16.7,43,6,25.6,31.7,5,20.0,34.0,10,1,10.0,0,4.5,93fffbcf,Diogo Costa,,True
Santa Clara,Vizela,1646598600,pt POR,25-021,90,4,3,2,25.0,1.1,2,13,15.4,17,4,29.4,33.6,15,53.3,47.3,15,0,0.0,1,11.0,f829f728,Pedro José Moreira Silva,,True
Vitória Guimarães,Famalicão,1646598600,br BRA,21-051,90,5,2,3,60.0,1.5,7,14,50.0,25,4,44.0,38.7,8,37.5,39.4,22,1,4.5,0,9.3,d0530e29,Luiz Lúcio Reis Júnior,,True
Tondela,Belenenses SAD,1646684100,br BRA,24-317,90,2,1,1,50.0,0.6,3,17,17.6,21,3,52.4,40.3,9,66.7,48.3,14,0,0.0,1,18.3,185084a1,Luiz Felipe,,True
Benfica,Vizela,1647029700,pt POR,25-026,90,8,1,7,87.5,2.5,2,6,33.3,9,2,22.2,28.1,13,30.8,38.2,21,0,0.0,0,8.3,f829f728,Pedro José Moreira Silva,,True
Estoril,Portimonense,1647099000,br BRA,27-348,90,6,2,4,66.7,2.7,17,27,63.0,43,6,48.8,37.5,6,100.0,54.3,15,1,6.7,2,15.6,554067e3,Samuel Portugal,,True
Famalicão,Santa Clara,1647099000,pt POR,35-059,90,3,0,3,100.0,0.1,13,37,35.1,41,3,82.9,52.4,4,75.0,56.8,21,1,4.8,0,9.5,5cd73451,Marco André Rocha Pereira,,True
Arouca,Paços de Ferreira,1647108000,pt POR,25-287,90,4,0,4,100.0,0.6,4,19,21.1,16,3,68.8,49.1,8,100.0,49.6,19,2,10.5,1,13.8,12c6cbef,André Ferreira,,True
Belenenses SAD,Boavista,1647117000,br BRA,40-311,90,2,0,2,100.0,0.4,9,18,50.0,23,5,52.2,39.5,9,66.7,48.7,15,1,6.7,1,15.5,5f7d2dfe,Rafael Bracalli,,True
Marítimo,Vitória Guimarães,1647185400,pt POR,27-129,90,4,0,4,100.0,0.5,4,11,36.4,16,2,43.8,37.4,6,66.7,50.8,10,0,0.0,4,25.3,2bea06e0,Bruno Varela,,True
Porto,Tondela,1647194400,pt POR,34-068,90,9,4,5,66.7,4.3,11,19,57.9,27,7,51.9,39.4,7,71.4,46.7,10,0,0.0,0,11.0,00d19548,Pedro Trigueira,,True
Braga,Gil Vicente FC,1647203400,si SVN,24-035,90,4,0,4,100.0,2.0,5,15,33.3,36,3,33.3,35.0,13,23.1,28.1,15,0,0.0,2,23.0,58bef7b2,Žiga Frelih,,True
Moreirense,Sporting CP,1647288900,es ESP,34-305,90,3,0,3,100.0,0.6,3,9,33.3,29,2,24.1,27.7,6,33.3,34.2,5,0,0.0,0,15.0,65d62814,Antonio Adán,,True
Vizela,Famalicão,1647634500,br BRA,21-063,90,6,1,5,83.3,0.7,8,22,36.4,22,4,54.5,44.0,11,90.9,61.1,25,3,12.0,2,11.2,d0530e29,Luiz Lúcio Reis Júnior,,True
Tondela,Arouca,1647703800,br BRA,30-030,90,4,2,2,50.0,1.9,6,10,60.0,19,4,36.8,33.1,3,100.0,76.0,12,1,8.3,0,7.0,871b35e7,Victor Braga,,True
Santa Clara,Belenenses SAD,1647712800,br BRA,24-329,90,3,0,3,100.0,0.2,9,24,37.5,23,1,73.9,44.5,8,87.5,48.1,12,0,0.0,1,10.3,185084a1,Luiz Felipe,,True
Vitória Guimarães,Sporting CP,1647721800,es ESP,34-310,90,4,1,3,75.0,1.2,0,7,0.0,29,4,24.1,27.3,5,0.0,19.2,12,1,8.3,0,4.0,65d62814,Antonio Adán,,True
Paços de Ferreira,Moreirense,1647790200,br BRA,29-265,90,5,2,3,60.0,2.2,9,18,50.0,27,2,51.9,37.3,4,100.0,60.8,16,1,6.3,5,19.5,f16f9b47,Mateus Pasinato,,True
Gil Vicente FC,Marítimo,1647790200,br BRA,35-067,90,8,1,6,87.5,1.5,11,24,45.8,44,10,43.2,38.5,9,55.6,41.4,16,1,6.3,0,9.0,68a3e731,Paulo Victor Vidotti,,True
Benfica,Estoril,1647799200,pt POR,23-243,90,6,2,4,66.7,2.7,0,4,0.0,43,2,9.3,24.8,12,0.0,18.5,12,0,0.0,3,22.3,f7c68686,Daniel Leite,,True
Portimonense,Braga,1647806400,br BRA,29-244,90,7,1,7,85.7,0.9,4,14,28.6,28,6,39.3,36.1,7,42.9,32.3,17,0,0.0,0,16.0,ef3909cd,Matheus,,True
Boavista,Porto,1647809100,pt POR,22-182,90,1,0,1,100.0,0.7,12,28,42.9,48,4,52.1,41.0,4,75.0,59.3,9,0,0.0,6,24.0,93fffbcf,Diogo Costa,,True
Braga,Benfica,1648840500,gr GRE,27-340,90,5,3,2,40.0,2.0,0,4,0.0,37,5,10.8,23.8,6,0.0,20.2,8,0,0.0,0,11.3,03df04ff,Odisseas Vlachodimos,,True
Belenenses SAD,Portimonense,1648909800,br BRA,28-004,90,4,2,2,75.0,1.6,6,12,50.0,34,3,26.5,33.1,5,60.0,48.0,8,0,0.0,0,18.0,554067e3,Samuel Portugal,,True
Estoril,Vizela,1648918800,pt POR,25-048,90,3,1,2,66.7,1.1,5,18,27.8,16,2,68.8,49.1,13,53.8,42.2,22,0,0.0,0,11.0,f829f728,Pedro José Moreira Silva,,True
Arouca,Gil Vicente FC,1648918800,si SVN,24-055,90,2,2,0,0.0,0.5,1,8,12.5,22,6,13.6,25.4,8,62.5,43.5,10,0,0.0,4,37.0,58bef7b2,Žiga Frelih,,True
Famalicão,Boavista,1648927800,br BRA,40-332,90,6,1,5,83.3,0.6,11,29,37.9,21,3,76.2,48.6,14,92.9,61.6,32,0,0.0,0,,5f7d2dfe,Rafael Bracalli,,True
Marítimo,Tondela,1648996200,pt POR,34-089,90,3,1,3,66.7,0.4,8,15,53.3,19,6,52.6,39.6,8,62.5,42.3,27,1,3.7,0,5.3,00d19548,Pedro Trigueira,,True
Moreirense,Vitória Guimarães,1649005200,pt POR,27-150,90,3,0,3,100.0,0.3,4,22,18.2,29,8,41.4,39.0,11,90.9,59.1,14,1,7.1,1,17.5,2bea06e0,Bruno Varela,,True
Sporting CP,Paços de Ferreira,1649014200,pt POR,25-309,90,6,2,4,83.3,3.1,3,9,33.3,23,1,34.8,29.3,4,25.0,24.8,9,0,0.0,3,22.8,12c6cbef,André Ferreira,,True
Porto,Santa Clara,1649099700,pt POR,35-082,90,7,3,4,57.1,2.8,6,21,28.6,29,1,62.1,48.6,8,37.5,35.4,9,2,22.2,0,7.8,5cd73451,Marco André Rocha Pereira,,True
Gil Vicente FC,Moreirense,1649445300,br BRA,29-284,90,5,1,4,80.0,1.2,10,25,40.0,22,4,50.0,43.6,14,100.0,70.6,21,3,14.3,1,10.1,f16f9b47,Mateus Pasinato,,True
Paços de Ferreira,Marítimo,1649514600,br BRA,35-087,90,6,2,4,66.7,1.6,2,5,40.0,20,5,15.0,24.8,8,25.0,35.1,15,0,0.0,1,20.3,68a3e731,Paulo Victor Vidotti,,True
Benfica,Belenenses SAD,1649523600,br BRA,24-350,90,8,3,5,62.5,2.9,6,22,27.3,27,4,40.7,32.2,17,64.7,48.0,22,0,0.0,0,7.3,185084a1,Luiz Felipe,,True
Boavista,Arouca,1649523600,br BRA,30-051,90,5,1,4,80.0,1.2,5,16,31.3,25,5,40.0,36.6,9,66.7,51.3,4,0,0.0,4,24.0,871b35e7,Victor Braga,,True
Tondela,Sporting CP,1649532600,es ESP,34-331,90,2,1,1,50.0,1.3,2,3,66.7,25,4,8.0,19.3,4,25.0,29.8,4,0,0.0,2,18.0,65d62814,Antonio Adán,,True
Santa Clara,Estoril,1649601000,pt POR,23-264,90,5,2,3,60.0,1.6,0,5,0.0,35,6,11.4,24.7,9,11.1,26.9,14,2,14.3,0,3.0,f7c68686,Daniel Leite,,True
Portimonense,Famalicão,1649601000,br BRA,21-086,90,6,1,5,83.3,2.1,8,15,53.3,24,8,45.8,34.1,10,40.0,37.0,16,1,6.3,0,8.0,d0530e29,Luiz Lúcio Reis Júnior,,True
Vitória Guimarães,Porto,1649610000,pt POR,22-203,90,1,0,1,100.0,0.1,8,23,34.8,34,5,55.9,40.8,5,80.0,50.4,10,0,0.0,2,17.0,93fffbcf,Diogo Costa,,True
Vizela,Braga,1649619000,br BRA,29-265,90,2,0,2,100.0,0.6,13,29,44.8,32,2,59.4,46.4,12,83.3,55.3,18,2,11.1,0,9.0,ef3909cd,Matheus,,True
Arouca,Santa Clara,1650033000,pt POR,35-093,90,7,1,6,85.7,1.3,6,15,40.0,30,2,33.3,37.0,7,71.4,51.4,16,1,6.3,2,17.0,5cd73451,Marco André Rocha Pereira,,True
Famalicão,Gil Vicente FC,1650042000,si SVN,24-068,90,3,2,1,66.7,1.5,5,13,38.5,16,5,37.5,33.2,9,77.8,48.2,16,0,0.0,2,20.0,58bef7b2,Žiga Frelih,,True
Vitória Guimarães,Paços de Ferreira,1650051000,pt POR,25-321,90,8,4,3,75.0,3.8,2,5,40.0,27,4,14.8,25.0,6,16.7,29.3,12,0,0.0,2,16.0,12c6cbef,André Ferreira,,True
Moreirense,Tondela,1650119400,pt POR,34-102,90,3,2,1,33.3,1.8,12,18,66.7,22,5,45.5,35.3,15,53.3,40.9,18,1,5.6,0,8.1,00d19548,Pedro Trigueira,,True
Marítimo,Boavista,1650128400,br BRA,40-346,90,4,4,0,25.0,3.4,1,7,14.3,21,4,23.8,29.8,4,50.0,37.8,7,0,0.0,1,14.5,5f7d2dfe,Rafael Bracalli,,True
Belenenses SAD,Vizela,1650128400,pt POR,25-062,90,3,1,2,66.7,0.8,1,6,16.7,15,2,33.3,29.9,11,9.1,21.1,7,0,0.0,0,16.3,f829f728,Pedro José Moreira Silva,,True
Porto,Portimonense,1650137400,ir IRN,27-010,90,12,7,5,50.0,6.3,10,26,38.5,30,4,53.3,39.2,11,90.9,53.9,16,0,0.0,0,8.7,7b2ed47e,Payam Niazmand,,True
Sporting CP,Benfica,1650223800,gr GRE,27-356,90,3,0,3,100.0,0.8,3,7,42.9,25,12,20.0,28.7,12,16.7,33.4,27,2,7.4,0,7.8,03df04ff,Odisseas Vlachodimos,,True
Estoril,Braga,1650310200,br BRA,29-273,90,6,0,6,100.0,1.2,1,7,14.3,25,7,16.0,25.9,11,27.3,27.3,16,1,6.3,1,9.3,ef3909cd,Matheus,,True
Vizela,Arouca,1650654900,br BRA,30-064,90,6,2,4,66.7,3.0,4,11,36.4,26,10,19.2,29.9,7,85.7,55.0,28,0,0.0,4,20.8,871b35e7,Victor Braga,,True
Portimonense,Moreirense,1650724200,br BRA,29-299,90,5,1,4,80.0,0.9,5,20,25.0,28,7,42.9,39.5,12,66.7,47.8,12,2,16.7,2,14.1,f16f9b47,Mateus Pasinato,,True
Santa Clara,Marítimo,1650733200,br BRA,35-101,90,3,2,1,33.3,1.5,3,12,25.0,30,5,20.0,27.5,11,54.5,37.6,13,1,7.7,1,14.6,68a3e731,Paulo Victor Vidotti,,True
Benfica,Famalicão,1650733200,br BRA,21-099,90,5,0,5,100.0,0.2,6,18,33.3,17,5,35.3,37.4,16,75.0,56.2,22,1,4.5,0,4.3,d0530e29,Luiz Lúcio Reis Júnior,,True
Gil Vicente FC,Paços de Ferreira,1650742200,pt POR,25-329,90,4,1,3,75.0,0.8,6,19,31.6,33,4,42.4,37.8,11,45.5,37.9,15,1,6.7,6,21.7,12c6cbef,André Ferreira,,True
Estoril,Belenenses SAD,1650819600,br BRA,25-000,90,2,2,0,50.0,1.3,3,9,33.3,17,1,35.3,35.3,3,100.0,64.7,5,0,0.0,2,13.0,185084a1,Luiz Felipe,,True
Tondela,Vitória Guimarães,1650828600,pt POR,27-171,90,4,1,3,75.0,0.8,7,9,77.8,26,3,30.8,32.8,10,10.0,25.8,7,0,0.0,4,18.5,2bea06e0,Bruno Varela,,True
Braga,Porto,1650906000,pt POR,22-218,90,5,1,4,80.0,1.4,5,11,45.5,37,5,27.0,33.4,8,12.5,32.5,5,1,20.0,1,12.5,93fffbcf,Diogo Costa,,True
Boavista,Sporting CP,1650915000,es ESP,34-347,90,1,0,1,100.0,0.1,1,2,50.0,35,4,5.7,22.1,6,0.0,14.8,8,1,12.5,0,5.0,65d62814,Antonio Adán,,True
Famalicão,Estoril,1651259700,br BRA,25-321,90,7,3,4,57.1,2.6,9,27,33.3,23,2,65.2,46.3,14,85.7,58.6,27,1,3.7,0,5.3,c9c55581,Mosquito,,True
Arouca,Portimonense,1651327200,ir IRN,27-024,90,6,1,5,83.3,1.7,8,18,44.4,22,4,40.9,39.5,9,100.0,62.4,10,1,10.0,0,12.2,7b2ed47e,Payam Niazmand,,True
Marítimo,Benfica,1651334400,gr GRE,28-004,90,5,0,5,100.0,0.4,4,4,100.0,21,7,14.3,22.7,5,20.0,31.8,11,0,0.0,0,4.0,03df04ff,Odisseas Vlachodimos,,True
Porto,Vizela,1651341600,pt POR,25-076,90,8,4,4,62.5,2.8,2,6,33.3,12,5,16.7,29.9,10,40.0,38.6,12,0,0.0,0,10.9,f829f728,Pedro José Moreira Silva,,True
Belenenses SAD,Braga,1651348800,pt POR,27-109,90,1,0,1,100.0,0.0,3,13,23.1,40,7,30.0,28.0,9,11.1,25.3,11,3,27.3,4,20.1,fd834d1d,Tiago Sá,,True
Vitória Guimarães,Santa Clara,1651415400,pt POR,27-185,90,1,1,0,0.0,0.9,4,17,23.5,35,6,40.0,33.6,9,33.3,34.4,9,0,0.0,0,3.5,93d5feb6,Ricardo Fernandes,,True
Moreirense,Boavista,1651424400,br BRA,40-361,90,2,1,1,50.0,0.8,10,27,37.0,27,2,66.7,51.0,9,100.0,67.8,24,6,25.0,1,9.1,5f7d2dfe,Rafael Bracalli,,True
Sporting CP,Gil Vicente FC,1651433400,br BRA,20-304,90,13,4,10,84.6,4.3,3,9,33.3,28,6,28.6,29.6,7,14.3,23.4,23,1,4.3,1,13.0,40406a00,Andrew,,True
Paços de Ferreira,Tondela,1651518900,pt POR,34-118,90,5,1,4,80.0,2.3,6,16,37.5,19,5,47.4,37.9,15,46.7,43.4,30,1,3.3,0,10.0,00d19548,Pedro Trigueira,,True
Boavista,Vitória Guimarães,1651864500,pt POR,27-183,90,6,1,5,83.3,2.3,5,14,35.7,23,2,30.4,34.8,13,53.8,40.2,9,0,0.0,3,17.8,2bea06e0,Bruno Varela,,True
Estoril,Moreirense,1651933800,br BRA,26-194,90,2,1,1,50.0,0.4,5,18,27.8,27,4,59.3,42.5,2,100.0,69.5,9,1,11.1,2,18.2,aea1afc8,Kewin,,True
Benfica,Porto,1651942800,pt POR,22-230,90,2,0,2,100.0,0.4,8,26,30.8,40,7,60.0,43.8,4,50.0,50.5,15,2,13.3,3,20.2,93fffbcf,Diogo Costa,,True
Portimonense,Sporting CP,1651951800,es ESP,34-359,90,3,2,1,33.3,0.6,1,1,100.0,22,7,4.5,22.6,6,0.0,21.5,5,0,0.0,2,17.5,65d62814,Antonio Adán,,True
Vizela,Marítimo,1652020200,pt POR,27-031,90,3,1,2,66.7,1.4,5,9,55.6,22,2,27.3,27.1,10,30.0,25.6,7,0,0.0,0,9.0,1c98558c,João Miguel Macedo Silva,,True
Gil Vicente FC,Tondela,1652020200,pt POR,34-124,90,4,3,1,25.0,1.8,5,14,35.7,17,5,47.1,38.6,8,75.0,55.6,15,1,6.7,0,4.0,00d19548,Pedro Trigueira,,True
Braga,Arouca,1652029200,br BRA,30-080,90,2,1,1,50.0,0.8,11,25,44.0,36,5,50.0,41.5,11,63.6,46.5,24,1,4.2,3,16.7,871b35e7,Victor Braga,,True
Santa Clara,Paços de Ferreira,1652038200,si SVN,24-002,4,1,,1,,0.5,,,,,1,,,,,,3,,,,18.0,fcc5a185,Igor Vekič,,True
Santa Clara,Paços de Ferreira,1652038200,br BRA,21-010,83,5,2,3,60.0,1.6,7,13,53.8,29,3,31.0,30.6,7,57.1,43.0,19,1,5.3,5,14.0,a8f0414f,Jeimes,,True
Belenenses SAD,Famalicão,1652123700,br BRA,21-115,90,4,2,3,50.0,1.2,4,11,36.4,27,6,29.6,27.5,8,37.5,37.8,20,1,5.0,0,8.0,d0530e29,Luiz Lúcio Reis Júnior,,True
Paços de Ferreira,Benfica,1652469300,br BRA,31-192,90,4,0,4,100.0,1.8,1,9,11.1,20,4,30.0,33.4,10,30.0,30.5,13,0,0.0,1,14.5,e8918589,Helton Leite,,True
Arouca,Belenenses SAD,1652538600,br BRA,25-020,90,5,0,5,100.0,1.6,5,12,41.7,21,5,14.3,29.3,12,75.0,56.1,15,1,6.7,0,7.4,185084a1,Luiz Felipe,,True
Moreirense,Vizela,1652538600,pt POR,38-008,90,6,4,2,33.3,2.8,3,9,33.3,9,3,44.4,39.0,5,100.0,57.8,12,2,16.7,0,6.5,3f75e889,Ivo Gonçalves,,True
Tondela,Boavista,1652538600,br BRA,41-009,90,7,2,5,71.4,1.5,3,10,30.0,25,5,32.0,37.7,9,22.2,32.6,12,2,16.7,2,12.3,5f7d2dfe,Rafael Bracalli,,True
Porto,Estoril,1652547600,br BRA,25-336,90,5,2,4,60.0,1.1,6,8,75.0,33,4,15.2,29.9,10,30.0,29.8,23,1,4.3,0,5.7,c9c55581,Mosquito,,True
Marítimo,Portimonense,1652547600,jp JPN,27-076,90,6,0,6,100.0,1.8,6,14,42.9,36,11,22.2,29.6,8,75.0,50.8,18,4,22.2,0,8.4,423daf87,Kosuke Nakamura,,True
Sporting CP,Santa Clara,1652556600,pt POR,27-198,90,9,4,5,55.6,3.0,6,20,30.0,28,5,60.7,38.0,7,42.9,39.7,19,1,5.3,2,24.0,93d5feb6,Ricardo Fernandes,,True
Famalicão,Braga,1652634000,cz CZE,19-306,90,11,3,8,72.7,3.4,5,10,50.0,23,7,13.0,28.1,12,58.3,45.4,18,0,0.0,3,18.4,cc8312b4,Lukáš Horníček,,True
Vitória Guimarães,Gil Vicente FC,1652643000,br BRA,20-318,90,8,5,3,37.5,3.4,2,3,66.7,13,4,7.7,23.5,10,20.0,35.2,9,0,0.0,0,11.0,40406a00,Andrew,,True
